,0,1,2,3,4,5,6,7,8,9,10,11,12,13,14,15,16,17,18,19,20,21,22,23,24,25,26,27
0,30.0,39.0,40.0,42.0,45.0,49.0,50.0,52.0,54.0,55.0,57.0,61.0,64.0,65.0,67.0,70.0,72.0,73.0,75.0,78.0,81.0,82.0,85.0,90.0,91.0,94.0,96.0,98.0
1,35.0,36.0,38.0,40.0,42.0,44.0,48.0,50.0,52.0,57.0,60.0,62.0,64.0,68.0,70.0,71.0,72.0,74.0,77.0,80.0,82.0,84.0,87.0,90.0,91.0,94.0,95.0,101.0
2,33.0,36.0,39.0,41.0,45.0,47.0,48.0,49.0,52.0,55.0,59.0,61.0,63.0,68.0,70.0,72.0,78.0,81.0,83.0,85.0,88.0,90.0,92.0,93.0,100.0,101.0,104.0,
3,33.0,36.0,38.0,40.0,41.0,44.0,47.0,48.0,50.0,52.0,56.0,60.0,63.0,66.0,68.0,72.0,76.0,80.0,83.0,86.0,88.0,90.0,92.0,94.0,98.0,102.0,,
4,30.0,35.0,38.0,40.0,43.0,47.0,50.0,52.0,55.0,57.0,60.0,62.0,67.0,70.0,72.0,75.0,81.0,84.0,86.0,88.0,92.0,94.0,96.0,99.0,103.0,105.0,,
5,31.0,33.0,38.0,41.0,44.0,48.0,51.0,53.0,55.0,61.0,63.0,65.0,68.0,69.0,74.0,77.0,78.0,80.0,85.0,86.0,89.0,93.0,96.0,98.0,103.0,105.0,,
6,40.0,43.0,45.0,50.0,54.0,55.0,56.0,58.0,60.0,61.0,63.0,67.0,70.0,72.0,74.0,75.0,78.0,83.0,85.0,87.0,89.0,90.0,92.0,97.0,100.0,,,
7,33.0,35.0,38.0,40.0,45.0,47.0,50.0,52.0,55.0,60.0,62.0,65.0,67.0,70.0,73.0,78.0,80.0,82.0,87.0,90.0,93.0,98.0,100.0,105.0,,,,
8,30.0,33.0,35.0,38.0,43.0,45.0,47.0,50.0,53.0,56.0,59.0,63.0,66.0,69.0,72.0,73.0,79.0,82.0,88.0,91.0,94.0,97.0,103.0,,,,,
9,30.0,32.0,34.0,37.0,43.0,45.0,47.0,51.0,54.0,57.0,60.0,64.0,67.0,71.0,73.0,76.0,77.0,82.0,84.0,90.0,92.0,95.0,96.0,,,,,
10,35.0,38.0,42.0,45.0,48.0,50.0,53.0,55.0,60.0,64.0,65.0,68.0,70.0,73.0,75.0,80.0,82.0,85.0,90.0,93.0,96.0,98.0,102.0,,,,,
11,31.0,38.0,41.0,44.0,47.0,50.0,53.0,55.0,61.0,64.0,68.0,70.0,73.0,76.0,78.0,80.0,83.0,86.0,89.0,94.0,97.0,100.0,,,,,,
12,35.0,38.0,44.0,48.0,51.0,57.0,59.0,63.0,68.0,72.0,74.0,78.0,83.0,85.0,87.0,92.0,94.0,101.0,,,,,,,,,,
