20207,21080,21750,22912,23920,25192,26167,27440,28400,30076,31228,32984,34410,36869,38775,40898,43423,45666,48230,51425,54912,58705,62730,67098,72376,78542,83895,92120,98784,107944,116960,129390,142324,157248,174291,192423,208702,225852,242724,253422,253134,253344,251405,249948,248248,246330,242228,238602,234264,227504,214560,195615,173038,146608,112632,78057,0,0,0,0,0
9605,10005,10179,10502,10800,11346,11656,11844,12513,13068,13400,13905,14456,15015,15622,16132,16720,17515,18328,18998,19965,21080,22176,23091,24024,25110,28200,28116,29784,30784,32895,34565,37098,40053,42039,44427,47763,50677,54336,59094,63342,67940,73482,80157,87965,95631,105062,116176,129024,143752,160776,180632,199752,214200,234960,254160,260958,262824,261800,262152,260652
11011,11532,11875,12610,12707,13167,13700,14626,15225,15943,17094,17472,18400,19635,20280,21576,23040,24104,25326,27105,28886,30514,32832,35168,37352,39840,43172,46719,50135,53487,58509,64478,69764,77400,85540,94956,104599,116746,133168,150288,171513,196080,219390,242684,250068,249832,247035,244053,241758,237720,230256,222423,210040,187068,157314,120191,76475,0,0,0,0
50508,55100,60390,66768,73346,82211,91298,103124,115710,132161,153216,175608,203794,232824,239094,237636,234980,230880,228260,221122,212170,202030,180180,150880,114432,70641,0,0,0,0,0,0,0,0,0,0,0,0,0,0,0,0,0,0,0,0,0,0,0,0,0,0,0,0,0,0,0,0,0,0,0
8910,9379,9690,10092,10648,11466,11592,12576,12901,13328,14000,14729,15688,16416,17270,17920,19024,20691,21824,23114,24570,26325,28420,30952,32482,35340,38240,42081,45240,49413,54144,59192,66654,73563,82992,93120,105060,119880,139298,159544,189378,220100,237405,233324,231616,225810,223110,216006,205716,192978,167535,134838,94170,40567,0,0,0,0,0,0,0
3850,3920,4047,4161,4366,4500,4697,4960,5103,5265,5395,5460,5829,6141,6279,6696,6603,6840,7227,7500,7777,8216,8586,8938,9213,9690,10384,10980,11193,11938,12672,13365,14178,14976,15582,16830,17898,19352,20740,21924,23790,25650,27777,29870,32528,35708,39010,42731,46800,52353,58307,65626,74035,84365,96861,112828,131328,156122,186789,211670,247401
6510,6745,7081,7425,7676,8085,8560,8856,9408,9976,10384,10800,11625,12032,12838,13700,14768,15768,16459,17472,18676,19873,21875,23478,25270,27186,29808,32616,35953,39435,44022,48327,53960,61206,69112,78300,90720,104448,123542,146510,176366,210700,245588,241560,238896,234621,230454,221020,209294,180864,138868,82280,0,0,0,0,0,0,0,0,0
9130,9379,9860,10502,11102,12126,12384,12998,13761,15080,15794,16740,18468,19773,21175,23114,24890,27064,29744,32412,36036,40095,44634,49594,55670,63226,71781,83220,96380,112752,135090,163060,196134,230100,225264,222807,216060,209408,195139,176457,142016,95920,34047,0,0,0,0,0,0,0,0,0,0,0,0,0,0,0,0,0,0
6768,7008,7275,7777,8295,8586,9156,9435,10208,10890,11532,12480,13200,13974,15015,15943,17360,19159,20708,22479,24924,27160,29930,33480,37785,42039,47320,53847,61500,70959,83780,98806,118680,145743,182112,214635,255600,256624,255060,252765,244080,237975,205656,150350,71484,0,0,0,0,0,0,0,0,0,0,0,0,0,0,0,0
5460,5742,5963,6279,6510,6840,7227,7500,7931,8560,9102,9492,10148,10591,11718,12220,13524,14140,15120,16200,17380,19422,21106,23040,25080,28000,31164,34496,39196,44115,50048,57424,66768,77604,92928,110403,135936,168858,210700,235620,232360,226582,220187,207690,187780,145820,85020,0,0,0,0,0,0,0,0,0,0,0,0,0,0
14382,15120,16524,17854,20111,21576,23607,26384,29315,32700,37120,42828,48327,55296,64478,75140,89726,107744,133380,167376,212608,238119,234843,228920,222892,208886,182490,134028,64175,0,0,0,0,0,0,0,0,0,0,0,0,0,0,0,0,0,0,0,0,0,0,0,0,0,0,0,0,0,0,0,0
13034,14626,15330,16830,18126,19824,22125,24552,27383,30723,34476,39508,45312,51522,60501,71280,85410,102362,127855,162338,206259,243148,241056,235128,228248,215160,187332,134270,53333,0,0,0,0,0,0,0,0,0,0,0,0,0,0,0,0,0,0,0,0,0,0,0,0,0,0,0,0,0,0,0,0
2565,2726,2736,2832,3000,3100,3213,3445,3498,3551,3740,3920,4104,4350,4543,4740,5103,5460,5676,5916,6279,6674,7178,7500,8008,8400,9240,9690,10472,11408,12350,13365,14729,15582,17050,18908,21279,23478,26441,29870,33660,38794,45408,52452,62628,74800,91234,112095,144045,187488,231568,238632,234688,226177,211554,180420,117711,25179,0,0,0
2376,2475,2475,2576,2784,2784,2989,2989,3162,3328,3432,3726,3850,3850,4104,4350,4680,4836,5040,5248,5762,6052,6279,6674,7104,7524,8216,8560,9213,10092,10591,11408,12480,13700,14664,16092,18012,19873,22352,25192,28258,32314,37260,42904,49950,59400,70200,86870,107010,137417,179071,223587,245074,243588,237864,224181,198606,135430,36822,0,0
3920,3990,4292,4543,4819,5040,5312,5676,6052,6370,6745,7154,7676,8295,8829,9576,10179,11250,11904,12960,14000,15729,17538,19422,21824,24366,27661,31311,36110,42330,48870,58408,70620,85977,106912,137564,181279,229203,233688,227712,217588,199350,154473,82080,0,0,0,0,0,0,0,0,0,0,0,0,0,0,0,0,0
2142,2236,2332,2430,2430,2576,2784,2891,3050,3162,3276,3445,3618,3795,3920,4104,4350,4758,4898,5166,5762,5984,6210,6510,6912,7676,8190,8748,9492,10179,11284,12032,12998,14420,15729,17472,19588,22125,24684,28341,32767,38142,44450,52360,63654,77850,96577,124096,164636,214020,240840,236360,228260,211845,177248,104151,0,0,0,0,0
1665,1786,1748,1872,2009,2000,2091,2142,2193,2376,2475,2530,2622,2832,2880,2989,3213,3328,3484,3726,3850,4047,4234,4620,4758,4960,5460,5829,6120,6510,6840,7425,7956,8480,9102,9890,10800,11718,12804,14178,15476,17628,19635,22050,25004,28542,32984,39010,45390,54528,66254,83070,104232,137124,184250,232672,246050,241080,229064,212962,154017
2050,2100,2132,2376,2376,2520,2622,2679,2928,3038,3162,3264,3380,3618,3850,4218,4484,4680,4960,5248,5762,6052,6348,7008,7575,8112,8829,9492,10384,11102,12445,13800,15120,16940,19188,21824,24816,28623,33592,40006,47880,58016,72261,91960,119952,162134,216729,236236,228480,218290,193456,132073,0,0,0,0,0,0,0,0,0
22352,23040,23790,25137,26112,26989,28000,29315,30952,32116,33673,35340,36738,38718,40670,43092,45066,47704,50232,53108,56064,59796,63648,68040,72695,77952,83260,89488,96330,103530,110723,121550,132132,142376,156464,169389,185481,207328,227907,251520,281070,307216,304008,301158,297105,293480,291401,288082,285621,280108,274400,268155,258462,246980,228124,201240,177140,148896,0,0,0
14456,14946,15408,15876,16280,17024,17710,18212,18837,19516,20207,21080,22098,22784,23711,24235,25650,26966,28314,29435,30576,32012,33572,35234,37653,39674,41650,43434,46102,47435,50325,53580,57036,60600,63852,68476,74022,78750,84346,91476,99000,106296,116370,126731,138516,151585,167680,183483,203467,227424,254140,286709,305532,303993,302022,298900,294007,290400,286650,281826,275303
51136,54902,58600,63342,68155,73482,79695,87242,95508,103878,114806,126126,139633,155925,174632,195300,221487,253044,286488,310898,342125,362934,361050,359196,358872,354160,348940,343490,335664,326550,311616,283400,239108,201075,152067,0,0,0,0,0,0,0,0,0,0,0,0,0,0,0,0,0,0,0,0,0,0,0,0,0,0
8560,8748,8910,9296,9605,9918,10324,10710,11408,11718,12192,12416,13200,13802,14385,14805,15264,16023,17063,17628,17898,18285,19635,20449,21625,22302,23790,24522,26248,28059,29808,31376,33220,34958,37288,39772,41917,45240,48416,52452,56448,61093,65920,72455,79425,86814,96330,106038,117614,131670,147864,166518,189040,216239,248710,286340,310368,309595,303020,299485,295488
76608,85557,94736,106488,119784,136416,154690,177416,204966,240907,284418,290736,287545,283020,279370,276830,269514,260925,250776,236470,207968,171738,129794,0,0,0,0,0,0,0,0,0,0,0,0,0,0,0,0,0,0,0,0,0,0,0,0,0,0,0,0,0,0,0,0,0,0,0,0,0,0
11346,11656,12096,12800,13390,13936,14628,15336,16240,16986,18172,19080,20250,21082,22360,23674,24570,26600,28080,30098,31920,34008,36838,39715,42700,46517,49580,54708,60885,66144,71940,80619,89667,100215,113968,130210,149072,172067,199232,235980,283030,315329,359050,360297,356850,355854,348960,343924,334755,321005,297228,243615,189312,114688,0,0,0,0,0,0,0
7524,7700,8216,8586,8938,9130,9520,9804,10062,10502,11132,11656,12576,12707,13266,14111,15914,16428,16983,17024,17940,18998,20040,20984,22733,23607,25460,27244,29172,31228,33592,35953,38880,42168,46374,50050,54720,59494,66768,75140,82340,93452,106190,119738,137532,158691,184800,217924,259646,311156,354342,372020,365820,363440,356971,350012,337392,320766,282564,223723,0
7350,7524,7878,8137,8586,8964,9130,9435,9976,10208,10710,11346,12065,12480,13300,13974,14560,15408,16280,16872,18055,19234,20207,21500,22656,23842,26112,27860,29870,32465,35392,38142,41574,44718,48420,53010,58695,65619,72912,82211,92062,105627,119847,137460,161098,190405,226188,273360,332200,340180,333465,323904,314464,299957,282480,259204,219200,97216,0,0,0
10234,10858,11284,11938,12998,13800,14768,15515,15622,16200,17402,18240,20086,20691,21875,22932,25270,28140,28623,30952,33300,36267,39283,43010,47526,52080,57915,63960,71280,80837,90000,103020,117936,137592,157988,186480,221920,265466,324075,402597,438158,426656,415932,406120,390060,369543,330756,265430,184184,0,0,0,0,0,0,0,0,0,0,0,0
6510,6745,7154,7400,7575,7931,8190,8560,9020,9492,10005,10472,11102,11718,12288,13200,13837,14768,15836,15984,17940,18720,19920,21500,22554,24684,26304,28623,30952,33522,37600,41832,45850,51986,57525,65312,73700,84240,97110,112941,133344,158378,191394,232752,293985,369344,395010,381893,371984,361928,345150,316710,258130,179992,0,0,0,0,0,0,0
11970,12642,13534,14144,15087,16170,17063,18486,19723,20916,22656,24522,26688,30429,31350,34540,37884,42385,46440,51136,57524,65417,74482,85557,99314,116025,137765,165830,204700,250488,320166,414000,437736,428076,415415,399354,376512,333904,258400,159444,0,0,0,0,0,0,0,0,0,0,0,0,0,0,0,0,0,0,0,0,0
4408,4543,4543,5040,4880,5312,5248,5525,5829,6141,6370,6603,6840,7227,7575,7828,8190,8748,9102,9605,10296,11011,11500,12314,12998,13900,14664,15330,16200,17427,18630,20230,21824,23865,25536,27939,30528,33522,37365,41583,46288,51985,58800,66447,76120,87655,102971,120866,145040,175712,216948,273600,327494,334620,324283,316000,300672,284427,243225,178038,0
6210,6440,6935,7178,7623,7956,8295,8586,9047,9744,10235,10920,11253,12222,13068,13905,14734,15950,16912,17980,19440,20956,22784,24738,26772,29988,34100,36064,40320,45135,49680,55584,63860,72927,84006,99429,117820,141848,172780,214073,270680,354048,420500,409600,394275,379618,353970,317196,243018,142932,0,0,0,0,0,0,0,0,0,0,0
3604,3920,3850,3976,4234,4161,4350,4560,4758,4960,5166,5166,5610,5742,6120,6370,6580,6912,7178,7700,8058,8692,9156,9546,10120,10829,11346,12000,12870,13770,14560,15515,16539,17825,19516,21080,22479,24605,27440,30076,32767,36869,40992,45666,51799,58016,66671,77175,89012,106600,128482,156744,195048,246528,319588,373488,366553,352716,335008,307701,264461
3432,3498,3604,3850,3976,4032,4218,4425,4620,4898,5166,5395,5544,5762,6052,6300,6768,6935,7425,7854,8240,8881,9350,9804,10208,11132,11656,12642,13433,14456,15444,16800,18096,19844,21672,23270,24924,28800,31500,34410,39579,43596,49227,55680,65096,75480,89147,106860,127574,157988,200566,257400,340425,376040,361584,352228,332059,303432,239696,0,0
7350,7854,8480,9047,9632,10440,11040,11532,11938,13132,14140,14976,16308,18032,19352,20933,23114,26112,28826,32465,35953,41082,46636,53487,62524,72695,86950,104704,127855,160680,206272,268205,319884,313200,304912,293500,275910,228222,148512,0,0,0,0,0,0,0,0,0,0,0,0,0,0,0,0,0,0,0,0,0,0
2726,2773,2880,2928,3038,3150,3264,3315,3484,3604,3864,3905,4047,4234,4425,4697,4898,5184,5395,5676,6052,6440,6603,6862,7178,7600,8137,8586,9102,9831,10413,11346,11875,13000,14144,14980,16464,17864,19159,20832,23140,25715,29054,31050,34918,39245,44704,50135,57721,67628,79810,96500,116259,144600,183366,237887,321930,366996,353800,343066,321932
5963,6188,6745,7081,7425,8112,8560,8964,9520,10092,10890,11656,12610,13500,14523,15876,16983,19234,20664,22656,24738,27383,30870,34788,39435,45489,52353,60802,71496,85794,103314,127800,160454,207320,273234,379760,385298,372840,360654,343252,284876,184830,0,0,0,0,0,0,0,0,0,0,0,0,0,0,0,0,0,0,0
6510,6984,7474,8137,8560,9102,9576,10179,10947,11904,12901,13900,15476,16416,18080,19824,21716,24252,27400,30885,34884,41002,46905,54144,63742,76687,92640,113784,145140,185460,246000,309876,333165,311575,281428,243090,177984,0,0,0,0,0,0,0,0,0,0,0,0,0,0,0,0,0,0,0,0,0,0,0,0
2832,2940,3038,3200,3315,3380,3432,3672,3920,4047,4307,4560,4697,4977,5248,5460,5628,5984,6210,6674,7178,7425,7752,8374,9072,9632,10530,11346,12319,13362,14385,15696,16950,18212,19965,22050,24975,28368,32436,35298,40560,46102,53770,63345,75361,90857,112784,142485,185255,250260,350350,401100,388040,361674,328146,259108,142008,0,0,0,0
1786,1960,2000,2040,2091,2132,2268,2226,2322,2376,2520,2530,2679,2891,2989,3100,3264,3380,3498,3672,3850,4047,4234,4636,4697,5056,5184,5544,5916,6279,6603,7008,7425,7777,8424,9156,9718,10413,11685,12544,13433,14840,15660,17136,18998,20832,22962,26030,30340,33264,38540,43172,50142,59899,71393,86480,106708,135648,176366,241300,338514
1886,1968,2058,2100,2193,2288,2340,2438,2430,2585,2736,2784,2832,3000,3150,3213,3380,3498,3795,4104,4234,4425,4636,4758,5056,5330,5695,5984,6461,7008,7275,7777,8137,8774,9520,10350,11495,12319,13728,14873,16060,17480,18998,21500,24156,28368,30723,35840,41650,47520,56260,67410,82236,102765,131385,173875,239780,341100,400860,384608,354487
2236,2193,2438,2484,2538,2632,2688,2784,2891,3050,3213,3264,3551,3808,3990,3976,4350,4484,4758,4977,5265,5478,5829,6210,6768,7178,7700,8424,8774,9435,10350,11374,12672,13832,15151,16352,18252,19844,22098,25806,29748,33480,38678,45135,52264,62628,77056,96363,123597,163688,227180,328406,407400,388245,364936,324105,224480,0,0,0,0
5120,5395,5762,6210,6696,7178,7524,8137,8610,9435,10324,11590,12348,13965,14980,16280,18096,20130,22528,25568,28944,33572,38940,45568,53960,65104,80608,101854,132307,177989,253759,376656,399843,376884,346912,285516,159840,0,0,0,0,0,0,0,0,0,0,0,0,0,0,0,0,0,0,0,0,0,0,0,0
2610,2832,2976,3150,3264,3484,3672,3976,4104,4218,4425,4758,5120,5312,5742,6279,6624,7178,7700,8343,9265,9944,10829,11656,12969,14456,15805,17402,19920,22272,26082,30192,34697,40560,48594,58506,72709,90375,117343,160965,225705,332323,324870,312018,288666,234632,0,0,0,0,0,0,0,0,0,0,0,0,0,0,0
2714,2976,3150,3264,3432,3726,3905,4088,4292,4484,4819,5103,5460,5963,6279,6674,7350,7979,8692,9240,10296,10800,12160,13365,14664,16241,18515,20910,23842,27580,31861,36800,44370,53390,64584,81066,103886,139284,192090,281802,322536,302680,281285,235552,0,0,0,0,0,0,0,0,0,0,0,0,0,0,0,0,0
23750,24511,25740,26733,27675,29256,30738,32032,33516,34866,36414,38779,40640,42804,45461,47921,51015,53690,56916,60672,65142,69905,75048,80592,86558,93765,100672,110308,119734,130767,141564,155820,173227,192014,214032,238621,268986,304776,319424,335675,338200,335779,328320,323190,320606,311376,307848,297092,289188,277693,262870,243168,215605,182148,143370,101015,58259,0,0,0,0
31302,32915,35015,37088,38595,41120,43624,46750,50160,53100,57834,61692,67064,71552,77760,84448,92501,101598,110925,121440,134622,149796,166770,186948,210397,238854,272580,314155,357420,375876,370658,365420,358437,351234,347440,337408,325193,312048,296976,275225,243000,203058,153090,98952,0,0,0,0,0,0,0,0,0,0,0,0,0,0,0,0,0
19665,20300,21301,22692,23562,24704,26334,27880,28980,30888,32625,33580,35760,38750,41377,43132,45484,49478,53757,58344,62532,68952,73632,83028,90552,100359,110998,122960,139590,157872,175344,200860,230156,268164,311190,358462,384296,382850,377223,372416,368816,363356,350568,339105,325470,302445,264480,217280,155015,89152,29896,0,0,0,0,0,0,0,0,0,0
21600,23125,24257,25413,26796,28215,29808,31889,33957,36176,38688,41055,43990,47538,50688,55384,59974,66000,72870,81395,88704,98087,107000,120258,133925,150220,173160,197872,228391,263405,309550,365345,377410,366600,362236,352573,347190,340500,327551,310440,292084,260592,218400,164119,99258,0,0,0,0,0,0,0,0,0,0,0,0,0,0,0,0
18924,19890,20825,21838,23125,24830,26068,28014,29400,31317,33750,35955,38622,40640,44880,47921,50864,56730,62205,68005,75402,84150,94883,105500,119515,137255,157342,182574,212175,253721,298152,355718,364305,360022,356510,352858,347996,346882,334750,325280,304703,266265,213030,142410,65532,0,0,0,0,0,0,0,0,0,0,0,0,0,0,0,0
18532,20007,20880,22140,24768,27398,29820,28840,30960,33222,35720,39273,42662,46268,50940,55016,61692,70224,79032,88540,101094,117116,134142,158312,185691,219652,265590,317013,354282,349672,347100,343520,342778,339586,335336,321160,307925,266613,204911,123105,0,0,0,0,0,0,0,0,0,0,0,0,0,0,0,0,0,0,0,0,0
29394,32190,34650,37665,40894,45560,49560,55836,62449,70015,79476,89154,103412,118104,136515,159296,188517,228152,277992,344080,420112,424668,419446,410172,397286,383368,363727,338086,288990,216543,0,0,0,0,0,0,0,0,0,0,0,0,0,0,0,0,0,0,0,0,0,0,0,0,0,0,0,0,0,0,0
70700,82125,93728,108872,129472,150800,181007,218784,248724,270297,290136,313880,304640,283500,265356,250974,219618,174580,109200,0,0,0,0,0,0,0,0,0,0,0,0,0,0,0,0,0,0,0,0,0,0,0,0,0,0,0,0,0,0,0,0,0,0,0,0,0,0,0,0,0,0
4368,4480,4674,4897,5040,5332,5544,5760,5824,6164,6231,6624,6958,7100,7416,7950,8393,8848,9430,9711,10492,10875,11648,12144,13585,14300,14500,15198,16218,17172,18480,19952,21360,22878,25026,26866,29329,31968,35183,39184,43326,48475,54096,61035,70096,80002,93534,108458,128037,151704,184110,216118,236340,260820,276352,266252,256760,243344,226737,199963,158556
32032,34632,38440,42182,47090,52332,58218,67200,77532,90160,104370,126090,148770,181192,225144,279496,342550,382500,388974,377140,360750,348000,322380,280434,210684,114228,0,0,0,0,0,0,0,0,0,0,0,0,0,0,0,0,0,0,0,0,0,0,0,0,0,0,0,0,0,0,0,0,0,0,0
56212,64722,74472,87087,101270,121588,146082,178240,224360,287517,346500,363669,357888,346086,332403,314672,284208,229296,143572,0,0,0,0,0,0,0,0,0,0,0,0,0,0,0,0,0,0,0,0,0,0,0,0,0,0,0,0,0,0,0,0,0,0,0,0,0,0,0,0,0,0
6693,7000,7416,7844,7770,8547,9200,9676,10043,10750,11223,12103,12690,13818,14355,15656,16642,17985,19266,22134,22692,26331,27132,30380,33142,36480,41310,45528,51507,58590,67536,78771,92501,111435,133514,166012,207936,262052,331678,369000,378430,365175,347358,328900,296310,237916,148120,45136,0,0,0,0,0,0,0,0,0,0,0,0,0
3283,3468,3519,3640,3834,4015,4218,4332,4389,4640,4838,5040,5394,5544,5696,6138,6432,6860,7272,7696,8175,8769,9430,10614,12250,13440,14630,15194,15080,15750,16324,17331,18984,20650,22632,24704,27068,30315,33663,37975,43587,50018,57267,66990,79339,96074,115457,143550,182975,238832,303875,348195,343288,332640,320502,304876,271594,204418,101548,0,0
6762,7210,7738,8175,8624,9234,9960,10578,11392,12648,13110,14157,15496,17064,18093,19665,21480,23688,26136,28842,32335,35938,40733,46512,54280,64000,76300,90324,109568,134199,170585,222230,293220,338174,334932,321417,305030,283544,246950,175914,74700,0,0,0,0,0,0,0,0,0,0,0,0,0,0,0,0,0,0,0,0
11700,12467,13113,14355,15656,16799,18592,21301,22386,26400,29190,30456,34419,39114,44520,51194,60722,71190,85579,105250,130548,169333,220810,285928,326340,334645,319992,302499,278964,232580,149178,42117,0,0,0,0,0,0,0,0,0,0,0,0,0,0,0,0,0,0,0,0,0,0,0,0,0,0,0,0,0
24318,26999,30315,34568,39432,45220,52490,61110,73500,89010,109368,138744,177660,238491,284809,278568,269100,256766,237168,204408,140304,0,0,0,0,0,0,0,0,0,0,0,0,0,0,0,0,0,0,0,0,0,0,0,0,0,0,0,0,0,0,0,0,0,0,0,0,0,0,0,0
16224,17985,20125,21896,24696,27531,32032,36936,42504,48620,57720,71135,87688,111067,143355,187920,257625,313650,322587,307836,288173,255368,193830,85746,0,0,0,0,0,0,0,0,0,0,0,0,0,0,0,0,0,0,0,0,0,0,0,0,0,0,0,0,0,0,0,0,0,0,0,0,0
9680,10332,11704,12512,13920,15251,16536,18094,19488,22015,24500,27772,32544,37297,43254,50343,60536,74106,92112,118881,158360,209040,278502,316800,304425,286340,254718,202390,102125,0,0,0,0,0,0,0,0,0,0,0,0,0,0,0,0,0,0,0,0,0,0,0,0,0,0,0,0,0,0,0,0
5888,6596,6930,8034,8453,8960,9477,10086,10962,11659,13348,15000,15862,18040,18870,21060,24125,26650,30858,36000,41499,49020,57905,72306,90684,116164,156975,208603,289264,329406,316944,297606,269538,216384,109187,0,0,0,0,0,0,0,0,0,0,0,0,0,0,0,0,0,0,0,0,0,0,0,0,0,0
8892,9922,10500,11176,12420,14065,15049,17227,18537,21004,23436,26260,29885,35334,41280,48222,58404,72243,90783,116809,159154,218610,304500,338184,321855,304785,275644,213504,92137,0,0,0,0,0,0,0,0,0,0,0,0,0,0,0,0,0,0,0,0,0,0,0,0,0,0,0,0,0,0,0,0
24948,28248,34336,39116,45870,55386,68943,87360,114495,156288,210380,288111,320616,302286,277648,240462,153174,0,0,0,0,0,0,0,0,0,0,0,0,0,0,0,0,0,0,0,0,0,0,0,0,0,0,0,0,0,0,0,0,0,0,0,0,0,0,0,0,0,0,0,0
5670,5952,6534,6868,7455,8470,8892,9639,10584,11880,12649,14065,15606,17496,19895,22264,26724,28595,33408,39015,46760,57096,71955,90800,120640,163006,231215,289440,295925,276774,246865,196840,91200,0,0,0,0,0,0,0,0,0,0,0,0,0,0,0,0,0,0,0,0,0,0,0,0,0,0,0,0
7004,7632,8066,9164,9922,11135,11926,13206,14356,16536,18370,20178,23750,27720,30414,35574,42826,51800,62890,80250,105219,143591,197556,265950,295001,277150,250498,208683,114716,0,0,0,0,0,0,0,0,0,0,0,0,0,0,0,0,0,0,0,0,0,0,0,0,0,0,0,0,0,0,0,0
1140,1216,1248,1353,1353,1462,1428,1496,1540,1575,1620,1610,1692,1739,1813,1862,1976,2067,2067,2120,2296,2296,2436,2537,2728,2835,2990,3216,3264,3500,3723,3922,4104,4503,4674,5160,5632,6072,6664,7210,7560,8325,8970,10250,10710,11926,13348,15048,17227,18928,21358,25216,29181,33640,40506,48450,60291,75867,99722,135356,189120
9243,10250,11050,12330,13536,15400,17384,20125,23312,26162,30774,36556,44388,54646,66971,88800,119085,164905,207675,239663,233772,189255,143370,49500,0,0,0,0,0,0,0,0,0,0,0,0,0,0,0,0,0,0,0,0,0,0,0,0,0,0,0,0,0,0,0,0,0,0,0,0,0
1140,1184,1184,1216,1209,1287,1353,1353,1505,1505,1575,1540,1620,1620,1656,1739,1776,1900,1938,2028,2040,2214,2214,2296,2436,2580,2623,2835,3036,3149,3312,3550,3848,3975,4235,4592,4956,5720,5888,6664,7000,7597,8325,9048,9882,10965,11968,13585,15300,17172,19662,22748,27060,30997,36750,44936,55132,69102,91935,125019,176256
14256,14847,14900,15402,16016,16848,17440,17930,18871,19550,19895,20592,21420,22570,23370,24318,25413,26866,27810,29256,30597,31524,33350,35400,37355,39184,41310,44088,46683,48894,52852,56474,60356,65400,70304,74976,81696,88704,96882,104331,117035,128232,137971,154662,172150,196310,219213,251180,289478,332232,385518,450596,471552,463988,458865,452920,448920,445947,439725,429070,417186
15656,16275,16748,17334,18260,18928,19836,20826,21539,22570,23560,24765,25800,27398,29051,30597,31889,34040,35938,38285,40480,42804,45799,49914,53144,56848,61815,66256,71687,78698,85275,93765,103074,113520,125354,137826,153532,174898,198468,227555,261889,301252,321348,343440,365650,362600,356526,352563,350238,344985,336050,333350,327684,317072,300294,265265,227140,181116,128368,79799,34144
9006,9280,9676,9877,10248,10788,11176,11528,11970,12420,12690,13248,13677,14256,14994,15600,15960,16275,17331,17982,18532,19720,20760,21538,22386,23814,25283,25740,27738,28980,31098,32560,34277,36348,38880,41666,44370,47250,51324,54791,59475,64985,71380,77604,84680,92686,102718,115240,129331,146587,167360,189380,219128,255584,303580,364506,417216,461988,499472,491000,487407
39312,42504,46644,51392,56980,62339,69972,78260,88692,101088,115068,133514,152946,181830,215904,258552,282240,276900,275814,272428,265275,257580,249280,238878,230112,217366,191700,155588,106640,58208,17974,0,0,0,0,0,0,0,0,0,0,0,0,0,0,0,0,0,0,0,0,0,0,0,0,0,0,0,0,0,0
80192,91392,104394,120393,139098,160890,194480,235246,276709,311200,316374,314244,310134,309258,304304,301889,298716,297168,293880,277056,241854,182784,109824,49416,0,0,0,0,0,0,0,0,0,0,0,0,0,0,0,0,0,0,0,0,0,0,0,0,0,0,0,0,0,0,0,0,0,0,0,0,0
7227,7650,7800,7980,8424,8611,8960,9462,9828,10234,10527,11125,11648,12236,12784,13344,13959,14300,15150,16065,16740,17649,19205,19942,21472,22500,25728,28085,30885,30368,33048,35903,37280,40260,43180,47348,51708,56064,62524,68997,76368,86480,99429,111986,130872,154128,180768,214760,263712,326310,417576,497688,509076,501416,501599,495696,490680,480782,473040,456365,428513
9877,10455,11088,11481,12012,12648,13871,14600,14994,16016,16536,17658,18592,20007,21063,22509,23750,25938,28912,30530,32928,35416,39273,43086,47775,52624,58368,65448,74865,85470,98306,113520,134316,159232,192552,236368,279576,320000,318352,312620,309140,304610,300886,295488,293888,288435,267336,223602,153750,75718,0,0,0,0,0,0,0,0,0,0,0
4480,4674,4814,5015,5100,5368,5670,5888,6138,6460,6693,7100,7070,7592,7696,8025,8175,8436,8970,9639,9720,10248,11000,11303,12330,12834,13110,13632,14700,15251,16068,17227,18260,19436,20064,22326,23750,25413,27531,29607,31968,35496,38151,40960,45292,49350,55913,61425,69010,78840,89552,103168,118350,140998,167318,201872,248820,314184,409698,449440,440258
16536,17658,18704,19952,21182,22755,24704,27674,29607,31824,34650,38465,42405,47328,53544,59946,69056,79032,91630,107426,128240,154330,188042,236855,284328,318394,313100,308913,305207,299166,293349,288200,281671,259740,209188,129239,53325,0,0,0,0,0,0,0,0,0,0,0,0,0,0,0,0,0,0,0,0,0,0,0,0
15808,17013,17820,19205,20650,22509,24130,27135,29190,31974,35032,38710,43086,48950,56050,63200,74338,86814,102718,123542,150288,187488,241680,289413,321997,315868,311249,308902,304024,298959,296604,281652,231030,143016,54755,0,0,0,0,0,0,0,0,0,0,0,0,0,0,0,0,0,0,0,0,0,0,0,0,0,0
5133,5340,5642,5952,6336,6732,6900,7313,7918,8175,8588,9164,9440,10126,10664,11264,12012,12834,13536,14900,15606,16906,17985,19550,21538,23125,25026,27132,30240,32318,36391,40894,46612,52200,60528,70770,83950,98646,116774,143080,176134,224542,294650,401095,441997,429554,420096,408456,394632,366720,330616,253650,140420,41600,0,0,0,0,0,0,0
10962,11700,12420,13490,14600,15606,16536,17604,19323,21004,22692,24960,28890,30738,34270,38376,43658,49350,57456,66054,79254,94080,115275,141810,179952,233946,294063,305520,300034,293865,287434,278404,267687,247975,196847,108160,30388,0,0,0,0,0,0,0,0,0,0,0,0,0,0,0,0,0,0,0,0,0,0,0,0
3216,3332,3479,3600,3723,3922,4158,4368,4560,4617,4920,5124,5084,5394,5504,5655,5874,6164,6460,6762,7029,7592,8025,8470,8927,9594,10370,10962,11921,12825,14100,15435,15900,17427,18924,20468,23368,24684,26989,28428,31098,34500,38552,43420,49560,56212,66300,76954,92582,113950,136994,173760,227760,302278,424000,463628,453964,447412,435486,423360,398808
6240,6664,6831,7344,7844,8360,8892,9164,9960,10500,11136,11970,12880,14065,14900,16275,17227,19210,20648,22692,25155,27604,30738,34419,38622,44088,50552,59136,71107,85840,103824,130002,165900,213956,288400,350703,366741,362902,358533,352944,342452,324064,261960,137600,25942,0,0,0,0,0,0,0,0,0,0,0,0,0,0,0,0
5642,6110,6336,6732,7038,7384,7918,8325,8892,9360,10332,11049,11880,12741,13774,14700,15912,17549,18871,20886,22875,25344,28359,31302,34780,40227,46883,54575,63237,76248,94080,115540,146025,188244,255360,357175,429084,414716,405153,388260,367632,332220,251563,120712,0,0,0,0,0,0,0,0,0,0,0,0,0,0,0,0,0
5368,5733,5888,6204,6664,7070,7488,7992,8736,9120,9960,10625,11481,12420,13774,14800,16380,17380,19152,21417,22814,26496,28560,32032,36089,41958,48825,58560,70560,85646,107610,136604,177834,244596,330426,361242,360738,356592,355200,353600,323136,223629,78246,0,0,0,0,0,0,0,0,0,0,0,0,0,0,0,0,0,0
2772,2990,2925,3015,3264,3360,3528,3650,3825,3952,4134,4400,4731,4930,5220,5429,5642,6016,6499,6969,7488,7992,8580,9006,9882,10540,11223,12376,13536,14355,16171,17441,19040,21122,23124,25870,29394,32832,37392,43132,51442,61498,75816,93772,120866,158928,212153,298080,365428,360747,354564,346856,334176,308125,226452,83505,0,0,0,0,0
1887,2014,2052,2052,2128,2223,2378,2460,2501,2666,2728,2728,3102,3102,3264,3430,3672,3796,3975,4028,4424,4674,4814,4988,5340,5642,6080,6402,6767,7245,7776,8214,8970,9639,10375,11180,12150,13442,14553,16016,17712,19305,21840,23876,27060,30520,35400,40894,48372,57152,69552,85806,107352,138180,187698,260524,348198,340342,340750,334280,323016
6080,6468,6936,7490,7884,8778,9639,10126,11136,12194,13774,15096,16430,17871,19780,22143,24765,28222,31968,36632,43230,51086,61181,75895,95200,122933,161650,227520,312885,374256,365500,361556,358720,337823,276100,120700,0,0,0,0,0,0,0,0,0,0,0,0,0,0,0,0,0,0,0,0,0,0,0,0,0
11704,13020,13724,15400,17278,19264,21411,24375,27248,32175,37576,44322,53690,64616,80811,102900,134412,178410,254877,336144,365462,353025,332246,301112,228250,94275,0,0,0,0,0,0,0,0,0,0,0,0,0,0,0,0,0,0,0,0,0,0,0,0,0,0,0,0,0,0,0,0,0,0,0
2200,2296,2296,2280,2378,2520,2666,2816,2925,3015,3196,3312,3600,3825,4081,4256,4674,4956,5100,5760,6045,6499,6969,7632,7848,8588,9322,10375,11440,12696,13728,15300,16960,19152,21060,24125,27456,31950,36844,44654,53938,67134,84896,111795,150745,213937,309483,307515,304161,293022,278240,238135,132048,0,0,0,0,0,0,0,0
2337,2436,2640,2728,2790,2944,3149,3332,3450,3621,3744,3848,4104,4345,4648,5015,5368,5642,6016,6305,6868,7107,8066,8624,9639,10126,11136,12648,13959,15540,17113,19097,21182,23940,27265,31968,37268,44156,54096,66000,85272,110080,151892,211932,309337,394698,401390,396864,395776,364536,231800,39564,0,0,0,0,0,0,0,0,0
1836,1924,2014,2145,2145,2280,2478,2700,2745,2898,2990,3102,3216,3381,3621,3796,3848,4081,4592,4674,5015,5518,5796,6402,6900,7455,8284,9006,9558,10578,11570,12648,14256,15794,17760,20068,22940,26069,30174,35485,42570,52128,65569,86443,115508,162855,244098,342273,382700,379056,377128,367710,305830,101574,0,0,0,0,0,0,0
1938,2067,2200,2160,2255,2394,2436,2537,2684,2835,3055,3102,3332,3500,3672,3922,4158,4480,4814,5220,5580,5888,6432,7070,7665,8360,9164,10126,11008,12604,13871,16016,17334,20184,23064,26390,31161,37088,44986,56848,72941,98658,137821,202713,311402,311499,304590,290550,264610,178494,34827,0,0,0,0,0,0,0,0,0,0
11520,12144,12462,12920,13344,13774,14112,14600,14900,15808,16430,17064,17388,18094,18537,19436,20300,21004,21840,22692,24257,24960,25870,27336,28696,30380,31746,32976,34866,37026,38936,41055,43824,46883,49280,52128,55200,58900,62790,68136,72314,77544,84825,89930,98978,107930,119064,130744,144211,158248,176088,196560,221076,248250,281600,321204,366024,401775,429856,427884,420864
9184,9462,9660,9860,9945,10440,10701,11036,11592,11997,12314,12804,13230,13662,14140,14484,15080,15750,16218,16740,17490,18532,19205,20296,20933,21894,23058,24252,25152,26467,27738,29601,31175,32340,34050,35955,38078,40836,43176,46191,49583,52808,56918,61380,65569,71904,78013,84360,92106,100776,111280,121770,132804,150788,166920,187440,214110,241875,280488,322930,378510
30597,31174,33075,35264,37440,40089,42828,45390,49484,52780,57078,61740,67116,73830,80726,87780,96159,106092,119796,132720,150000,170229,193101,219912,255640,296838,346210,414800,448395,440865,434511,430867,422410,415938,405108,392150,369810,342029,295515,241020,168665,0,0,0,0,0,0,0,0,0,0,0,0,0,0,0,0,0,0,0,0
8190,8502,8720,8880,9266,9660,10115,10440,11392,11739,11868,12255,12540,13095,13800,14241,14688,16006,15855,16632,17270,18306,19090,20812,21771,22625,23936,25536,26865,28495,29962,32412,34425,37130,39284,42926,45326,49594,53010,57812,62913,68880,75428,82992,91776,101750,115776,128340,144845,162440,187580,216804,256856,301730,358938,382704,374120,365928,360000,349920,343035
19320,20468,21417,23058,24570,26264,27674,29328,31536,33525,35960,38637,41998,45752,49860,54043,58479,64842,70433,78320,87087,98646,108544,123216,138795,161040,183625,217356,254794,309748,350911,339388,331566,322504,312006,297168,279528,261426,235029,201117,153888,96050,0,0,0,0,0,0,0,0,0,0,0,0,0,0,0,0,0,0,0
19436,19836,21120,22625,23562,25414,27135,28773,31248,33300,35955,39360,42662,46096,50400,55648,61661,67728,76032,85790,97112,109650,125675,143080,168428,198597,235476,281697,330330,370202,369462,362700,358197,349680,341510,333489,315552,287287,239560,174592,82410,0,0,0,0,0,0,0,0,0,0,0,0,0,0,0,0,0,0,0,0
188352,227160,275710,331870,334110,325934,317240,307294,292185,274023,254001,223713,182192,126218,51750,0,0,0,0,0,0,0,0,0,0,0,0,0,0,0,0,0,0,0,0,0,0,0,0,0,0,0,0,0,0,0,0,0,0,0,0,0,0,0,0,0,0,0,0,0,0
22326,24066,25284,26855,28968,31524,34568,36960,40986,43990,48546,53214,58590,65600,72523,81840,92268,106250,120648,140220,162336,189987,224861,282100,324115,323820,314289,308880,299439,285824,274688,253232,223100,180856,123488,0,0,0,0,0,0,0,0,0,0,0,0,0,0,0,0,0,0,0,0,0,0,0,0,0,0
70350,80325,90388,104076,120595,138816,165478,198254,240903,281870,318002,312728,307910,300240,288648,276480,259155,236664,199728,146744,67900,0,0,0,0,0,0,0,0,0,0,0,0,0,0,0,0,0,0,0,0,0,0,0,0,0,0,0,0,0,0,0,0,0,0,0,0,0,0,0,0
9828,10320,10912,11375,11776,12635,13426,14140,14790,15943,16677,17967,19140,20060,21948,23424,25669,27462,29046,31968,35724,38400,42336,46816,52547,58006,65484,73100,84501,97265,112060,133095,155742,187248,232730,286709,355110,372670,364344,354496,341979,325542,304776,270279,219456,141900,0,0,0,0,0,0,0,0,0,0,0,0,0,0,0
37088,40704,44756,49764,56120,63700,72243,83472,97273,114219,135800,162486,198406,244404,308997,397995,433074,432666,416670,391983,364780,321736,259980,163800,0,0,0,0,0,0,0,0,0,0,0,0,0,0,0,0,0,0,0,0,0,0,0,0,0,0,0,0,0,0,0,0,0,0,0,0,0
17982,19372,20880,22806,24759,26928,29678,32264,35343,38478,43176,49046,54896,61889,70350,80808,93772,109140,131409,157040,192474,244500,311858,391866,396511,381159,364878,340587,307881,259825,191172,87750,0,0,0,0,0,0,0,0,0,0,0,0,0,0,0,0,0,0,0,0,0,0,0,0,0,0,0,0,0
4897,4980,5332,5607,5824,5888,6045,6596,6633,7070,7313,7811,8066,8814,9280,10004,10292,10710,11440,12150,12927,13774,14700,15759,16960,18426,19780,21122,23875,25413,27872,30580,33434,37576,41280,46475,51507,58157,66528,77319,89832,104920,126968,151670,186694,235080,302808,364844,401034,391986,366606,334452,293825,240901,155100,0,0,0,0,0,0
3744,4050,4104,4235,4560,4756,4980,5185,5568,5915,6231,6298,6624,6900,7242,7560,8100,8360,9006,9676,10614,11125,11700,12420,13440,14210,15450,16380,17441,19494,21182,23500,25413,27664,30636,34717,39093,43824,50268,57834,66732,78698,92664,111616,136285,168792,215865,276500,355866,391034,378752,353808,329412,287508,225610,125034,0,0,0,0,0
20400,21771,24123,26989,29744,32560,36270,40836,46191,52338,60956,70350,83394,98820,117744,146207,184516,236898,315350,401196,389385,368740,341388,307541,253936,176210,55695,0,0,0,0,0,0,0,0,0,0,0,0,0,0,0,0,0,0,0,0,0,0,0,0,0,0,0,0,0,0,0,0,0,0
16432,17985,19608,21420,24066,26130,28968,32915,36784,41796,48825,57078,66787,79560,95280,116688,144832,182325,238650,317673,380737,413094,388321,362340,317984,256264,144584,0,0,0,0,0,0,0,0,0,0,0,0,0,0,0,0,0,0,0,0,0,0,0,0,0,0,0,0,0,0,0,0,0,0
33663,38130,44156,51660,61110,72314,88704,109395,137172,176407,236348,317408,363485,357144,331044,291720,238272,147543,0,0,0,0,0,0,0,0,0,0,0,0,0,0,0,0,0,0,0,0,0,0,0,0,0,0,0,0,0,0,0,0,0,0,0,0,0,0,0,0,0,0,0
174636,234360,332384,457072,446468,429750,400950,349410,256652,85618,0,0,0,0,0,0,0,0,0,0,0,0,0,0,0,0,0,0,0,0,0,0,0,0,0,0,0,0,0,0,0,0,0,0,0,0,0,0,0,0,0,0,0,0,0,0,0,0,0,0,0
7592,8284,8624,9243,9922,11049,11659,12741,14162,15251,17013,18704,20592,23124,25413,28274,32092,36844,42343,49938,59157,71135,87010,107136,137690,179352,238621,335980,367040,346430,317016,278100,211584,97970,0,0,0,0,0,0,0,0,0,0,0,0,0,0,0,0,0,0,0,0,0,0,0,0,0,0,0
11960,12920,13860,15392,16956,18582,20414,23424,26130,29394,33673,38236,44109,52725,62884,75384,93449,116509,151384,199082,279898,396387,377520,357616,328833,280891,196417,0,0,0,0,0,0,0,0,0,0,0,0,0,0,0,0,0,0,0,0,0,0,0,0,0,0,0,0,0,0,0,0,0,0
3621,3869,4050,4312,4446,4640,4956,5246,5760,5915,6270,6664,7070,7632,7992,8736,9520,10248,11094,12103,13395,14553,16120,17767,19780,22143,25088,27797,31808,37088,42869,50400,60738,73216,91245,115068,147679,197540,273540,384656,395224,366226,329400,269360,161070,0,0,0,0,0,0,0,0,0,0,0,0,0,0,0,0
13622,15288,16478,18696,20760,23310,26068,30246,34808,40508,47967,57600,69597,86768,109908,141899,194449,270284,379847,392615,366088,326743,263655,151200,0,0,0,0,0,0,0,0,0,0,0,0,0,0,0,0,0,0,0,0,0,0,0,0,0,0,0,0,0,0,0,0,0,0,0,0,0
20414,22625,25283,28980,33004,38308,46096,54978,66504,82716,104250,134599,179118,250125,368648,419508,392472,352260,285360,173762,0,0,0,0,0,0,0,0,0,0,0,0,0,0,0,0,0,0,0,0,0,0,0,0,0,0,0,0,0,0,0,0,0,0,0,0,0,0,0,0,0
1786,1739,1862,1989,1989,2080,2132,2173,2268,2408,2464,2565,2760,2820,2914,3150,3250,3417,3710,3960,4144,4332,4602,4800,5146,5418,6097,6580,7128,7474,7980,8532,9348,10406,11250,12052,13524,14832,16416,18240,20178,22806,25608,28912,33674,39680,46883,56322,68392,86104,109395,145124,195305,276895,398860,412352,383474,336396,254188,110210,0
9512,10455,11392,13160,13818,15750,17490,19773,22196,25137,29962,34200,40913,49029,59637,73988,94962,124084,168476,244720,374550,420864,395766,350415,264450,94872,0,0,0,0,0,0,0,0,0,0,0,0,0,0,0,0,0,0,0,0,0,0,0,0,0,0,0,0,0,0,0,0,0,0,0
5002,5504,5655,6164,6816,7272,7770,8502,9234,10285,11125,12834,13483,15392,17113,19205,22250,24156,29046,33975,39767,48048,59251,73352,93928,125280,171837,250954,386209,422950,398356,350900,253587,0,0,0,0,0,0,0,0,0,0,0,0,0,0,0,0,0,0,0,0,0,0,0,0,0,0,0,0
91260,121485,168251,247086,390879,425700,403776,351453,247600,0,0,0,0,0,0,0,0,0,0,0,0,0,0,0,0,0,0,0,0,0,0,0,0,0,0,0,0,0,0,0,0,0,0,0,0,0,0,0,0,0,0,0,0,0,0,0,0,0,0,0,0
59616,64285,68820,73872,79632,85750,93840,102795,112995,123250,136192,150887,166664,187250,211270,238336,270816,310100,345627,379440,417360,414596,415044,417324,421173,420555,420420,421969,425889,425880,420342,390195,347272,292299,226614,148750,0,0,0,0,0,0,0,0,0,0,0,0,0,0,0,0,0,0,0,0,0,0,0,0,0
20212,21082,22270,23142,24934,26320,26649,27985,29502,31620,33971,36188,38646,41296,44400,47120,49858,53332,57400,60401,65836,71505,77550,84424,92055,101460,112800,124950,139359,155675,173060,197652,226582,260603,301886,338004,379080,423940,425125,426512,429712,435240,437118,439600,447387,451532,454878,439240,394108,334304,266526,173939,0,0,0,0,0,0,0,0,0
15552,16428,17442,18369,19159,20130,21125,21971,23187,24472,26358,28420,30300,33072,34720,37800,40832,43318,46184,49400,52768,57113,62192,68355,74806,82476,91143,101528,113841,129340,145485,167564,193695,226352,265524,315756,360536,372588,369200,370968,366240,366282,363465,360220,355860,329952,286810,229450,156348,0,0,0,0,0,0,0,0,0,0,0,0
17063,17670,18762,20049,21294,22400,23270,25296,26600,28908,30750,32494,35259,38760,42000,45384,48951,52650,57166,62491,68670,75924,85073,94248,106666,119840,137540,157905,184534,214912,255759,308688,359729,358926,359645,360168,360055,354844,356824,355968,348740,316825,266085,201295,118574,0,0,0,0,0,0,0,0,0,0,0,0,0,0,0,0
11656,12416,12838,13534,14352,14805,15552,16428,17176,18096,19320,20418,21798,22833,24206,25944,28224,30600,32072,35200,37848,41650,45750,49780,53156,58378,65178,72029,80262,89790,102440,115644,132729,152880,179088,211266,253836,308959,354460,355716,356730,353439,350776,349116,347468,341726,318472,271050,209854,129115,0,0,0,0,0,0,0,0,0,0,0
5200,5544,5695,5848,6072,6300,6390,6643,7050,7296,7644,7920,8181,8446,8798,8988,9546,9744,10235,10738,11374,11780,12319,13000,13566,14248,15336,15805,16837,18018,19239,20049,21463,22360,23986,25530,27936,29949,31671,34720,38590,42542,46500,50759,54252,60030,66005,75012,83520,94116,107067,122120,142435,167461,199004,238392,290787,358720,368706,369202,370047
3976,4104,4307,4440,4636,4914,5056,5184,5395,5628,5762,5984,6160,6461,6716,7125,7220,7469,7900,8160,8505,8692,9047,9520,10032,10530,11040,11346,12192,12870,13534,14490,14946,15805,16688,17748,18921,20008,21125,22704,24339,26271,28420,31257,33170,37125,41064,44954,48880,53430,59364,66340,74580,84480,95508,109752,127715,150040,179958,215208,262353
7296,7644,7900,8160,8505,9072,9435,9831,10465,10764,11374,11780,12544,13231,14040,14734,15336,16576,17667,18840,20049,21209,22794,24300,26649,28665,31059,34080,37632,42008,46624,50828,55954,62245,71100,80682,92345,105860,123552,146170,174746,212010,265095,333693,374220,378006,377832,382432,380661,389327,388278,367146,299345,217056,0,0,0,0,0,0,0
9483,9944,10465,11040,11590,12446,13231,13936,14628,15587,16837,18172,19964,21376,22490,24300,26838,29304,31464,35371,39560,44955,49536,54327,61612,69486,80004,92484,107062,127167,153720,188616,232256,297216,374616,374976,372438,376222,375448,376995,374080,329604,255176,141603,0,0,0,0,0,0,0,0,0,0,0,0,0,0,0,0,0
4366,4636,4697,4977,4977,5265,5478,5780,5916,6230,6390,6696,7104,7372,7956,8424,8692,9047,9657,10032,10710,11346,11970,12707,13534,14317,15408,16428,17710,18998,20496,22098,24024,26304,29000,31800,35457,39715,44073,49662,55380,62830,71613,83660,97776,115717,137417,168000,207548,260040,321290,343700,336996,333064,326340,315115,294210,237500,155058,0,0
6279,6552,6956,7275,7524,8160,8505,8964,9435,9831,10235,10920,11656,12384,13266,14008,14805,15876,17063,18603,19965,21924,23220,25976,28800,31500,34632,39312,44073,49929,55380,63448,72380,84240,99288,118755,141966,174618,218286,276615,328232,336414,330106,324885,315240,300983,254807,180886,0,0,0,0,0,0,0,0,0,0,0,0,0
2679,2622,2773,2891,3050,3050,3213,3276,3392,3445,3564,3726,3850,4032,4234,4500,4774,4898,5184,5395,5544,5695,6052,6532,6674,7008,7524,7777,8216,8774,9240,9718,10208,11011,11656,12384,13167,14111,15052,16241,17670,18998,20910,22528,24472,27105,30192,33110,37327,42700,48360,53847,60900,70632,82955,97776,118094,142324,177620,223376,290786
21033,22912,25380,28059,30784,34632,39480,44100,50490,56355,65626,77518,90134,108837,130815,163170,204633,263192,313896,326040,316598,312120,298533,276584,211584,122335,0,0,0,0,0,0,0,0,0,0,0,0,0,0,0,0,0,0,0,0,0,0,0,0,0,0,0,0,0,0,0,0,0,0,0
6160,6300,6789,7200,7425,7956,8424,8964,9324,9918,10620,11439,12065,12969,14111,14910,16280,17670,18954,21080,22733,25326,28258,31439,35457,40460,46080,51975,59800,69445,82482,99176,119190,148167,185472,238896,311581,336630,326876,319662,311832,294926,236982,146370,0,0,0,0,0,0,0,0,0,0,0,0,0,0,0,0,0
20787,22606,25192,28512,31290,35234,41280,47214,53376,61004,72600,86031,105040,127464,161595,207090,273234,332052,333312,324965,317871,304722,265200,182100,58429,0,0,0,0,0,0,0,0,0,0,0,0,0,0,0,0,0,0,0,0,0,0,0,0,0,0,0,0,0,0,0,0,0,0,0,0
2288,2332,2385,2530,2679,2726,2891,3000,3100,3276,3276,3392,3564,3672,3850,3976,4307,4636,4788,5120,5478,5628,5848,6319,6789,7144,7469,8181,8528,9072,9744,10556,11040,11970,12870,14144,15052,16428,17825,19764,21546,24024,27072,30545,34662,40828,46920,53820,63327,75696,91637,113968,141771,184960,245745,339720,351065,344760,342422,334356,306204
2385,2530,2585,2632,2793,2842,3060,3162,3339,3456,3510,3752,3808,3920,4047,4366,4636,4914,5120,5395,5848,6141,6552,7125,7546,8100,8446,8881,9546,10146,11067,11875,12900,13905,15194,16576,18408,20375,22016,24570,27885,30900,35802,42720,49140,56682,67704,81765,99588,126126,160500,213012,294892,359788,359856,358176,355506,346365,281775,152250,0
1880,1880,1880,2000,1960,2009,2142,2193,2332,2475,2576,2726,2832,3000,3050,3162,3328,3551,3657,3850,3960,4104,4425,4560,4914,5184,5395,5610,6052,6532,7030,7448,7800,8216,8881,9324,10413,10920,11970,12740,14008,15301,16650,18369,20496,22352,25326,29435,32465,38212,44604,51786,60099,72708,88800,110770,140420,184368,247536,318208,326366
2475,2679,2784,2940,3050,3162,3276,3380,3551,3740,3850,4088,4500,4774,5056,5265,5561,6003,6141,6624,7030,7600,8240,8798,9240,10120,11040,12096,12969,14144,15408,17063,19159,21250,23530,26740,30992,35775,42108,49742,58600,70308,87235,110656,141848,191051,264132,338912,333332,324720,313404,281074,182700,0,0,0,0,0,0,0,0
1628,1665,1786,1833,2009,2150,2150,2193,2279,2376,2420,2530,2726,2832,2880,3050,3213,3380,3604,3795,3976,4161,4484,4836,5040,5330,5628,5896,6461,6768,7350,7777,8424,9156,9632,10829,11532,12610,13736,15015,16650,18560,21033,23478,26772,30784,35775,42904,50220,59004,73030,91611,117072,152805,208623,295360,324520,313140,297568,273455,190762
2100,2184,2332,2530,2632,2736,2842,3050,3111,3213,3392,3564,3740,3920,4047,4307,4575,4851,5184,5478,5848,6319,6716,6975,7566,8240,8881,9546,10235,11253,12319,13433,14490,16206,17864,20130,22575,25432,29088,33912,40527,47915,57000,69324,87576,111518,146010,194656,277472,395715,387840,382739,373412,340308,214065,0,0,0,0,0,0
2832,2940,3050,3213,3432,3604,3740,3920,4176,4440,4560,4774,5265,5610,5916,6300,6696,7178,7700,8240,8856,9520,10296,11346,12416,13770,15158,16500,18170,20449,23270,26578,30784,35639,42408,50320,60600,74256,95631,121365,159198,219128,316354,370048,355992,343200,314902,219208,0,0,0,0,0,0,0,0,0,0,0,0,0
1824,1872,1920,2050,2142,2332,2484,2585,2632,2736,2950,3050,3162,3445,3672,3920,4047,4047,4440,4758,4914,5346,5712,6072,6624,7030,7623,8343,8820,9460,10440,11160,12319,13534,15087,16650,18880,21125,23760,27354,33540,38115,45793,55357,67824,86620,112750,147870,202628,296338,395064,380640,375936,356240,276300,101010,0,0,0,0,0
70090,75036,81543,87840,95367,103200,112980,124362,135196,149755,167314,183032,194208,210672,224740,244950,266636,286529,312576,323960,321468,322140,325754,324700,324756,326800,325068,324441,326196,325220,315099,297350,272650,237660,197560,143640,0,0,0,0,0,0,0,0,0,0,0,0,0,0,0,0,0,0,0,0,0,0,0,0,0
10406,10492,10912,11340,11830,12012,12690,13110,13677,14256,14892,15392,15960,16478,17380,18306,19256,20468,21472,22082,23622,25270,26325,27600,29252,30740,32560,35112,37365,39852,42757,45588,48688,52355,57230,62727,67298,73248,80484,89147,98894,108730,123819,135720,154421,178104,191382,211079,230166,266766,280596,307300,320320,318978,324625,321300,321597,323206,320901,318509,316852
10736,11125,11557,11960,12276,13056,13720,14100,14790,15794,15900,16632,17380,18908,19588,20400,21771,22875,24123,25996,27580,28623,30595,32184,34958,37524,39852,42921,46636,50142,54340,60398,66150,72270,78888,88320,97911,109180,123359,139887,158445,182112,197232,219177,243238,270972,300608,333081,334686,331596,337423,333592,338217,333943,338009,338870,323610,293181,248376,190350,0
6097,6188,6417,6674,6816,7154,7474,7725,8268,8374,8829,9102,9266,9744,9945,10148,10947,11160,11557,11960,12635,13056,13860,14544,15244,16264,16786,18126,18837,19873,20520,22250,23424,25270,26852,28341,30305,32333,34188,37600,40260,43769,47965,51522,57036,63549,70414,77634,87362,98175,109737,125685,143752,165376,188605,205570,232888,258912,293085,333700,332940
9576,9945,10234,10858,10947,11466,12032,12540,13056,13761,14586,15435,16157,17050,18354,19234,20374,21452,22880,24497,26190,27860,29808,32035,34410,37440,40504,43769,48776,52920,58705,65310,72930,82836,93500,105463,120830,139334,162972,187040,204417,232200,257715,293858,338424,335804,340949,347136,348870,347770,355200,356725,345912,305040,246170,161480,38556,0,0,0,0
8453,8800,9102,9462,9976,10472,11070,11557,11960,12408,13289,13959,14790,15288,16308,17472,18676,19706,20984,22375,24180,25594,27661,29315,31737,34804,37600,40590,45150,49504,54626,61509,69122,77400,87840,100215,116998,135073,157126,186480,204559,230520,262545,301350,327096,325800,333396,330330,333333,332904,333693,319014,280215,218960,128330,0,0,0,0,0,0
5568,5568,5874,6097,6348,6555,6790,7272,7622,7828,8112,8532,8720,9184,9660,10115,10614,11125,11520,12052,12920,13344,14157,15038,16112,17113,18419,19488,20760,22320,24320,25935,28014,29540,32193,35190,38880,42926,47168,51789,57900,64438,72974,82992,95013,109881,128979,152304,180728,201192,246114,266074,302760,307648,310492,308098,304940,301384,295528,281685,249195
6110,6460,6958,7200,7474,7828,8162,8316,8769,9348,9945,10234,10614,11430,11830,12369,12920,14300,15347,16380,16585,17600,18924,20178,21538,23436,25026,27324,29892,32045,34650,37994,42240,46883,52808,58368,65650,74952,86250,99384,114668,136515,163461,191232,217940,261855,285104,298776,298844,293090,289152,282182,271648,254910,215634,161348,88360,0,0,0,0
4698,4838,4956,5270,5544,5850,6072,6460,6596,7029,7519,7725,8056,8690,9153,9628,9996,10578,11088,11700,12596,13440,14400,15656,16170,17490,18645,20124,21960,23375,26004,28290,30814,33744,37576,42662,47229,53144,60409,69628,80520,95760,111795,136972,164697,202124,233926,269445,285714,284170,277879,270015,259600,241443,206488,151330,77280,0,0,0,0
8008,8346,8611,9266,9828,10320,10947,11648,12183,12825,14157,15496,16430,16740,18080,19656,21417,23310,25728,27800,30885,33823,37842,42330,47872,54520,62088,71781,83904,99696,119782,146318,181500,212160,252676,292250,305016,307725,301804,298220,287382,272855,224394,151560,0,0,0,0,0,0,0,0,0,0,0,0,0,0,0,0,0
6596,7100,7373,7980,8316,8960,9430,9877,10492,11303,11997,12555,14014,15049,15704,17331,18204,20124,21659,23562,25610,28840,32120,35400,40411,45486,51552,59520,69422,82287,98820,117824,148975,184755,221616,257656,288873,288715,280126,273467,261580,240067,192172,0,0,0,0,0,0,0,0,0,0,0,0,0,0,0,0,0,0
2508,2552,2700,2867,2961,3072,3136,3234,3400,3519,3519,3692,3922,3996,4256,4345,4640,4838,4956,5394,5696,6006,6231,6624,7029,7344,7800,8268,8690,9153,9945,10614,11125,11960,12730,13386,15141,16170,16956,18419,19890,21417,23749,26384,29536,31900,36115,41000,46632,54043,62287,72974,86768,104236,129920,161607,197315,236640,280140,303668,304296
4125,4312,4503,4698,4779,5185,5544,5850,6006,6298,6790,7272,7650,8085,8532,9153,9775,10560,11250,12183,13056,14140,14586,16568,17600,18696,20640,22500,24684,27800,31175,34804,40098,45240,52266,61707,72912,87216,106038,132768,172780,206568,248139,300403,316080,319118,320788,314390,309284,263109,175775,28865,0,0,0,0,0,0,0,0,0
4897,5208,5394,5696,5824,6231,6624,7227,7622,8239,8611,9348,10115,10527,11340,12052,13677,14847,15960,16371,17820,20060,22140,24310,27200,30388,33596,38796,44184,51688,60060,72080,86250,106680,134142,172160,210519,255002,299442,300852,294840,288152,275600,244644,174603,0,0,0,0,0,0,0,0,0,0,0,0,0,0,0,0
4640,5040,5246,5456,5760,6072,6624,6958,7548,7875,8502,9184,9711,10353,11214,11868,13344,14746,15141,16371,17760,19773,21594,23865,26865,29680,33300,38394,44184,51688,60760,73059,89154,108968,141120,180177,219564,263998,297226,297110,291830,281764,265088,216184,0,0,0,0,0,0,0,0,0,0,0,0,0,0,0,0,0
4125,4312,4560,4779,5100,5332,5760,5980,6460,6958,7446,7770,8532,9072,9660,10527,11340,11960,13426,14342,15435,16524,17920,20007,22196,24050,28842,31104,34960,40913,47250,55272,65892,80280,99047,125758,162653,202340,247336,300838,294168,296780,292092,278208,239317,157504,0,0,0,0,0,0,0,0,0,0,0,0,0,0,0
5544,5850,6256,6887,7400,7980,8532,9102,9945,10648,11466,12350,13818,15244,15900,17316,19140,21417,23622,26852,30816,34428,40176,47075,55670,66538,81812,103068,132810,176366,217217,269079,309519,310500,307310,295395,279990,209715,91103,0,0,0,0,0,0,0,0,0,0,0,0,0,0,0,0,0,0,0,0,0,0
2596,2760,2867,2961,3024,3250,3315,3519,3588,3816,3869,4200,4446,4640,4980,5185,5607,5850,6164,6650,7400,7875,8532,9184,10030,10560,11430,12183,14200,15347,16524,17331,19890,22140,24628,28152,31755,36498,43086,50861,60760,74175,92106,117306,154926,200928,250187,300456,299997,294910,283437,264478,197560,84096,0,0,0,0,0,0,0
2120,2214,2255,2451,2552,2714,2867,2976,3024,3250,3350,3484,3640,3816,4015,4256,4503,4779,5063,5394,5696,5980,6460,6958,7622,8239,8880,9744,10234,11340,12314,14157,15347,16264,17600,19890,21960,24948,28428,31968,37510,44352,52992,64320,80142,101343,132070,177125,243474,280140,298440,295912,287600,271961,223053,0,0,0,0,0,0
2914,3024,3136,3250,3468,3640,3816,3922,4235,4446,4897,5160,5607,5850,6204,6693,7373,8056,8580,9430,10200,11125,12090,14058,15096,16157,17920,20124,22386,24830,29540,33892,40160,48400,57760,72030,90558,117925,158384,208940,262890,291342,287525,278475,257125,201894,90324,0,0,0,0,0,0,0,0,0,0,0,0,0,0
1598,1645,1680,1764,1813,1900,1976,2028,2200,2310,2408,2552,2655,2700,2914,3024,3300,3350,3468,3640,3942,4180,4368,4582,4897,5246,5607,5980,6528,7200,7980,8239,9234,9912,10947,11868,12960,14645,16430,17490,19773,22444,25802,29892,34500,41239,49484,61035,76384,98980,132632,181582,234954,293562,294032,285956,270816,234596,0,0,0
3922,4312,4582,4779,5332,5632,5980,6460,6958,7575,8208,9184,10234,11036,11997,12998,15288,16848,18354,20349,23184,26715,31175,36816,43771,53280,66420,85470,112136,154940,205907,267400,307522,306180,301842,284850,212457,0,0,0,0,0,0,0,0,0,0,0,0,0,0,0,0,0,0,0,0,0,0,0,0
129456,139876,151086,168428,182696,202756,223560,247866,274284,284256,292576,301098,295625,288192,279888,276450,265415,255348,246000,231380,217770,198656,177498,149094,118580,77149,37823,0,0,0,0,0,0,0,0,0,0,0,0,0,0,0,0,0,0,0,0,0,0,0,0,0,0,0,0,0,0,0,0,0,0
143277,157590,175812,194350,221654,250368,262515,270470,270946,264471,257210,249873,241820,231086,220756,206550,193805,176720,152922,128417,97240,54516,180,168,182,182,182,182,182,182,182,182,182,182,196,196,182,182,169,196,210,210,210,225,0,0,0,0,0,0,0,0,0,0,0,0,0,0,0,0,0
26865,28842,29260,30602,32340,34050,36036,38078,40176,42075,45144,48144,51142,54312,58560,62370,66054,71740,77390,83475,90710,98576,107019,116246,127788,140343,156651,173168,193630,216648,245152,276500,311640,311454,303732,296352,288632,278326,268458,257025,245073,227500,208833,184171,156864,123988,82983,32856,0,0,0,0,0,0,0,0,0,0,0,0,0
19635,20496,20984,23495,24123,24684,25728,28704,28420,29744,31605,34200,36110,37920,40098,43264,46725,49225,54144,57600,61974,67689,73188,79118,87000,95985,106590,115896,131040,146910,166635,186916,217554,252588,290872,334278,354024,346304,337348,332316,329700,315210,300662,283521,263176,236592,198774,158907,0,0,0,0,0,0,0,0,0,0,0,0,0
42828,45999,50120,54096,59520,63631,70040,76970,86260,96720,108458,120764,135800,154662,178002,207515,241892,284800,319680,320768,315787,303600,292342,277064,259680,236195,209950,171776,127893,61280,0,0,0,0,0,0,0,0,0,0,0,0,0,0,0,0,0,0,0,0,0,0,0,0,0,0,0,0,0,0,0
114480,130746,151803,177989,209214,251163,303170,334412,327522,317730,308033,294494,278070,258184,230880,192558,141215,65522,0,0,0,0,0,0,0,0,0,0,0,0,0,0,0,0,0,0,0,0,0,0,0,0,0,0,0,0,0,0,0,0,0,0,0,0,0,0,0,0,0,0,0
67116,74820,84072,96074,109908,125400,144156,169912,198940,242560,292600,331445,326310,318150,310714,296376,281200,261900,236052,196416,145684,69954,0,0,0,0,0,0,0,0,0,0,0,0,0,0,0,0,0,0,0,0,0,0,0,0,0,0,0,0,0,0,0,0,0,0,0,0,0,0,0
17094,18592,19305,20230,21472,23368,25212,26730,28704,31320,34126,36972,40500,44973,49029,54205,59637,67320,75465,85728,99630,113970,133668,156560,187146,231375,276800,340452,342882,332260,323840,304191,282204,254660,218768,169050,0,0,0,0,0,0,0,0,0,0,0,0,0,0,0,0,0,0,0,0,0,0,0,0,0
29751,32266,35416,38796,43433,47696,52887,59558,67445,77307,88307,100776,118104,139392,165452,200070,245804,279786,299556,299194,284132,265200,239990,213187,167794,108500,0,0,0,0,0,0,0,0,0,0,0,0,0,0,0,0,0,0,0,0,0,0,0,0,0,0,0,0,0,0,0,0,0,0,0
9628,10030,10912,11214,11868,12502,13192,13959,14847,15855,16956,18582,19656,21659,23000,26664,26666,30660,31755,35112,39284,43008,48498,54230,61267,67524,78044,91482,106596,124660,149985,183911,224802,278695,307328,334989,329640,307769,282220,245640,198690,135792,43160,0,0,0,0,0,0,0,0,0,0,0,0,0,0,0,0,0,0
11960,12540,13365,14140,15688,16200,17160,18515,19873,21648,23424,25212,27800,30240,33150,36738,40508,45588,51057,57321,65395,75900,88638,102816,121656,145336,177996,221920,284950,367815,388367,375960,359487,331946,301385,250432,176134,60900,0,0,0,0,0,0,0,0,0,0,0,0,0,0,0,0,0,0,0,0,0,0,0
10858,11811,12576,13365,14544,15540,16459,18306,19352,20984,22860,25137,27383,30096,33744,37365,42084,47436,53856,61800,72118,84315,100651,120834,148393,184368,236002,309027,364500,365054,343728,318978,287622,240624,166770,51084,0,0,0,0,0,0,0,0,0,0,0,0,0,0,0,0,0,0,0,0,0,0,0,0,0
11776,12596,14058,14300,15244,17064,18419,19890,21417,23495,26460,28905,32631,36888,41416,47348,53108,60588,70808,83720,99696,121040,149898,185481,238500,315315,377253,389130,367965,340860,300760,241200,140685,0,0,0,0,0,0,0,0,0,0,0,0,0,0,0,0,0,0,0,0,0,0,0,0,0,0,0,0
8991,9492,10527,10912,11739,12540,13386,14935,15900,17604,18532,20296,21960,26000,28968,31104,35343,40500,46458,52992,61661,72504,86710,105588,128892,162932,213212,263655,287820,316250,279760,241736,196928,137129,0,0,0,0,0,0,0,0,0,0,0,0,0,0,0,0,0,0,0,0,0,0,0,0,0,0,0
2668,2668,2880,2989,3136,3250,3432,3551,3657,3726,3850,4218,4350,4602,4819,5084,5376,5676,6052,6256,6440,6912,7227,7725,8190,8910,9492,10092,10858,11466,12672,13563,14729,16092,17628,19754,21279,22987,25536,28905,32264,36895,41580,47967,56240,64640,78234,94472,115368,144742,185130,247801,273398,289938,266231,235355,195452,132869,36900,0,0
9912,10406,11036,12314,13483,14544,15794,17871,18696,20296,22263,25026,28016,31900,36024,41310,47575,56474,64616,78771,97846,120232,152736,201027,274032,303799,314760,289323,249039,192413,111708,0,0,0,0,0,0,0,0,0,0,0,0,0,0,0,0,0,0,0,0,0,0,0,0,0,0,0,0,0,0
16430,17930,20124,22143,24511,27810,31536,35485,40894,46200,54236,63700,76680,93834,115842,144047,185920,250182,311454,342900,317544,266760,214082,137548,0,0,0,0,0,0,0,0,0,0,0,0,0,0,0,0,0,0,0,0,0,0,0,0,0,0,0,0,0,0,0,0,0,0,0,0,0
54464,64476,79059,97123,122019,159075,209070,288951,353875,385578,345068,289430,212816,89950,0,0,0,0,0,0,0,0,0,0,0,0,0,0,0,0,0,0,0,0,0,0,0,0,0,0,0,0,0,0,0,0,0,0,0,0,0,0,0,0,0,0,0,0,0,0,0
4524,4800,4920,5440,5808,6030,6417,6887,7227,7622,8162,8880,9576,10353,11375,12540,13524,14832,15900,17696,19656,22017,24897,28350,30814,35485,41565,48198,58944,71269,88011,110767,143260,187440,261612,344874,365922,333032,284580,211689,90153,0,0,0,0,0,0,0,0,0,0,0,0,0,0,0,0,0,0,0,0
43263,51615,61800,76368,95404,123819,164952,231506,340954,366282,334884,292320,226840,112138,0,0,0,0,0,0,0,0,0,0,0,0,0,0,0,0,0,0,0,0,0,0,0,0,0,0,0,0,0,0,0,0,0,0,0,0,0,0,0,0,0,0,0,0,0,0,0
9213,9804,10800,11938,13230,14280,16416,17898,19873,22428,25785,29110,34496,40670,47972,58509,71712,89726,116910,154728,216838,321334,372300,345050,303863,240834,129792,0,0,0,0,0,0,0,0,0,0,0,0,0,0,0,0,0,0,0,0,0,0,0,0,0,0,0,0,0,0,0,0,0,0
7029,7548,8132,8880,9794,10527,11520,13015,14400,16112,18144,20760,23000,27398,30174,35100,41796,51015,61815,77185,98640,128454,174898,247500,273460,281340,218700,152640,57460,0,0,0,0,0,0,0,0,0,0,0,0,0,0,0,0,0,0,0,0,0,0,0,0,0,0,0,0,0,0,0,0
8424,9234,10030,11250,12276,14000,15540,17427,19773,22196,26334,29051,34050,40662,48752,59752,74550,95438,126557,174432,254980,293832,299775,246240,179568,70064,0,0,0,0,0,0,0,0,0,0,0,0,0,0,0,0,0,0,0,0,0,0,0,0,0,0,0,0,0,0,0,0,0,0,0
39204,41917,44980,48330,51142,55963,59888,64034,70808,76431,84777,93508,102408,112491,125950,140454,158814,178848,203304,233142,267344,279123,291279,303669,318600,316224,303597,279130,263588,245310,221822,192665,164666,120270,61375,0,0,0,0,0,0,0,0,0,0,0,0,0,0,0,0,0,0,0,0,0,0,0,0,0,0
12152,12573,13287,13728,14522,15012,15587,16206,16986,17784,18840,19803,20500,21801,22968,24165,25576,27170,29400,30906,33390,35424,37184,39672,42657,46368,49780,54175,58835,63986,70245,76560,84564,95090,105179,117312,130095,149468,170850,198360,230652,267150,316660,368793,391524,392688,394000,393984,391140,390339,389572,382965,375040,343088,291648,225425,34112,0,0,0,0
222404,260288,298072,315984,332442,344805,334512,324864,310500,294410,274050,240123,199225,146020,76734,0,0,0,0,0,0,0,0,0,0,0,0,0,0,0,0,0,0,0,0,0,0,0,0,0,0,0,0,0,0,0,0,0,0,0,0,0,0,0,0,0,0,0,0,0,0
7050,7296,7546,7448,8058,8320,8505,8774,9047,9605,9775,10092,10710,11284,12065,12288,12838,13872,14456,14946,15914,16800,17670,18880,19965,21125,22400,23892,25704,28224,29492,31710,33726,36640,39270,43596,47077,50690,56454,61915,69225,77280,86742,98643,111144,127120,148282,173664,205568,247154,299198,325268,345088,353362,344286,332904,316528,299628,271814,226512,166754
8715,8881,9265,9657,10146,10440,11067,11808,12348,13260,13699,14416,15228,15840,17100,18135,19239,20295,21717,23364,24888,27360,30200,32136,34776,37516,40356,45069,49181,54488,60858,68452,76820,86508,99072,112749,130971,154035,183312,222216,270600,335250,383656,380240,379010,373680,368820,363975,349112,314628,248672,167790,0,0,0,0,0,0,0,0,0
87556,99600,115178,135090,159444,190512,230843,281475,299932,321280,331360,319144,300472,276284,245856,203739,143472,59411,0,0,0,0,0,0,0,0,0,0,0,0,0,0,0,0,0,0,0,0,0,0,0,0,0,0,0,0,0,0,0,0,0,0,0,0,0,0,0,0,0,0,0
9744,10235,10556,11067,11685,12192,12771,13832,14385,15194,16095,16986,18018,19360,20541,22144,23496,25208,27792,30906,32970,35640,39039,42282,46848,51761,58176,64872,73024,83538,95634,109076,125840,149072,179816,216972,266085,329594,380800,376938,373990,370098,366183,356734,336537,290301,219745,122802,0,0,0,0,0,0,0,0,0,0,0,0,0
5644,5865,6090,6336,6586,6992,7332,7584,7938,8100,8632,8988,9374,9768,10374,11092,11495,12125,13000,13596,14175,15260,15984,17250,18290,19642,20916,22532,24030,26040,28712,31620,34182,37241,40890,45069,49590,56000,62370,71008,80476,92598,107190,124416,148836,178002,220374,271341,340294,391998,391376,394475,389550,384476,378927,362585,308955,227880,0,0,0
5103,5330,5695,5780,5934,6230,6789,6882,7200,7448,7878,8240,8586,8856,9265,9632,10296,10890,11439,12288,12838,13668,14595,15552,16539,17670,19516,20252,22400,23530,25756,28368,31350,32832,36093,39196,43516,48870,54626,61200,69208,79904,91821,106812,125481,150199,183928,225935,285891,311898,334884,336405,323725,302976,276210,235128,178475,95760,0,0,0
8881,9156,9744,10440,11160,11685,12446,13000,13699,14628,15587,16724,17632,18802,20295,22059,23674,25806,27985,31059,34026,37125,41174,45793,50730,57084,65270,75012,85668,99840,116340,138761,168960,208415,260580,333000,377600,375875,375180,369954,363528,352222,318396,246214,0,0,0,0,0,0,0,0,0,0,0,0,0,0,0,0,0
8058,8343,8692,9374,9718,10146,10974,11468,12222,12870,13668,14522,15087,16464,17365,19278,20295,21546,23628,25993,29353,31160,34344,38180,41693,46592,52060,59276,67410,77520,90160,104139,121800,145866,180096,221769,278529,355725,374218,367536,364812,354468,340416,312417,251330,158760,0,0,0,0,0,0,0,0,0,0,0,0,0,0,0
3752,3990,4189,4248,4453,4800,4800,5005,5360,5508,5880,6192,6570,6750,7238,7410,7840,8282,8446,8798,9483,10170,10580,11280,12028,13000,13390,14416,15478,16611,17901,19360,21209,22836,24797,27360,30845,34230,37687,41300,46620,52796,60320,68952,79195,92736,111504,132462,163842,204035,260942,339480,400530,399183,400416,396202,394108,381096,327186,226560,76934
20706,22816,24768,27810,29820,33075,36176,40800,46240,52089,59660,68139,80290,93666,112965,134260,163443,202797,215710,225345,236526,190376,162048,132848,99424,33528,0,0,0,0,0,0,0,0,0,0,0,0,0,0,0,0,0,0,0,0,0,0,0,0,0,0,0,0,0,0,0,0,0,0,0
3864,4176,4118,4380,4636,4788,4914,5200,5628,5780,6072,6390,6789,7125,7722,8080,8262,8798,9265,9944,10738,11253,11875,12740,13566,14946,15805,17063,18526,20130,21798,24073,27742,29949,33015,37164,42039,47320,54320,62212,73151,85801,101376,122481,151351,190494,245886,324198,367104,358668,350548,338520,318198,263004,172280,0,0,0,0,0,0
3162,3213,3328,3498,3685,3752,3876,4060,4320,4380,4725,4851,5200,5265,5712,6003,6248,6643,6956,7372,7900,8181,8632,9072,9632,10235,11067,11685,12573,13699,14385,15730,16837,18135,20008,21717,24165,26790,29949,33072,38304,42108,48546,55272,64355,75924,90649,107996,132276,166725,214695,282200,382518,375678,369886,366520,354927,321880,242580,118285,0
7178,7448,7878,8505,8964,9546,10005,10710,11532,12384,13433,14595,15444,16650,18212,20130,22144,24388,26880,30843,33048,37191,41743,47880,55008,63336,76146,90720,110302,135648,172056,224840,298452,329800,349533,333963,307064,271284,203848,103320,0,0,0,0,0,0,0,0,0,0,0,0,0,0,0,0,0,0,0,0,0
4514,4650,4788,5135,5412,5644,5880,6177,6643,6882,7546,7900,8320,8881,9350,10057,10829,11590,12446,13464,14490,15336,16724,18564,20336,22016,24300,27840,31262,35316,39672,44750,51840,61360,72576,85200,103622,125993,160320,209510,279710,381981,382482,378187,371910,357992,319143,223560,73392,0,0,0,0,0,0,0,0,0,0,0,0
2688,2900,2950,3060,3111,3286,3392,3456,3564,3808,4002,4380,4440,4725,4914,5265,5727,5865,6408,6643,7050,7663,8058,8610,9156,9744,10350,11374,12125,13231,14111,15336,16950,18526,20584,22750,25482,29156,33338,37455,43296,49820,58580,70620,84606,103356,128448,166212,221562,299768,380622,373870,366933,354888,327780,243715,102989,0,0,0,0
3380,3551,3604,3850,3905,4161,4350,4484,4758,5103,5395,5695,6003,6279,6696,7104,7623,8137,8586,9213,10062,10680,11466,12480,13464,15264,16241,17628,19754,21875,24472,28542,32314,34804,40098,47168,54708,65246,78455,96558,121857,155918,204941,264402,290784,310596,259072,221651,167400,75153,0,0,0,0,0,0,0,0,0,0,0
3328,3685,3685,4002,4060,4248,4575,4712,4928,5346,5712,5934,6319,6882,7220,7821,8343,8798,9460,10235,11040,12000,12740,14040,15301,16688,18564,20130,22750,25530,29502,33441,38701,44322,52224,61984,74683,92130,113568,145616,194044,266640,380700,373648,367821,356400,331752,248655,107525,0,0,0,0,0,0,0,0,0,0,0,0
11346,12192,13332,14840,15805,17480,19320,21672,24073,27548,31616,36450,42212,49290,58692,70196,86640,106372,136831,182317,246400,346628,363699,353304,339918,308636,227779,88480,0,0,0,0,0,0,0,0,0,0,0,0,0,0,0,0,0,0,0,0,0,0,0,0,0,0,0,0,0,0,0,0,0
2332,2430,2484,2622,2773,2820,2940,3100,3213,3276,3564,3672,3850,4032,4234,4425,4758,4898,5265,5610,6072,6370,6696,6935,7623,8137,8964,9408,10092,11070,11844,13034,14214,15408,17248,19159,21500,24288,28080,33015,35934,41743,48508,57525,69536,86715,108420,140553,186252,260797,317982,341004,318658,284487,222650,114072,0,0,0,0,0
3060,3172,3328,3456,3808,3864,3876,4118,4575,4636,4977,5265,5695,6160,6552,7030,7469,7920,8610,9072,9632,10530,11468,12319,13668,14946,16428,18135,20130,22575,25756,29253,33480,39144,45466,54320,65199,81084,100352,128700,170300,234624,330880,361712,354005,338208,305691,218365,67600,0,0,0,0,0,0,0,0,0,0,0,0
2688,2784,2832,3000,3162,3392,3510,3630,3990,4118,4189,4575,4836,5248,5628,5916,6390,6624,7372,7900,8528,9072,9944,10738,11685,12870,14144,15444,17100,19320,21844,24388,28762,33228,38577,45108,54320,66554,84014,105062,137936,188307,265863,372090,361860,352196,333486,268736,129048,0,0,0,0,0,0,0,0,0,0,0,0
2150,2385,2385,2484,2585,2688,2842,2891,3060,3276,3392,3510,3630,4189,4500,4758,5040,5544,5829,6370,6716,7296,7722,8424,9072,9918,10530,11685,12740,14111,15587,17442,19844,22098,25806,29400,34069,40053,47502,57710,72051,91512,116144,156624,216838,313724,358826,346752,329294,282744,165025,0,0,0,0,0,0,0,0,0,0
20252,21125,22656,22704,23628,25110,26358,27160,28314,29638,31141,32528,34320,35934,38305,40247,43152,45824,49104,52416,54708,58307,62525,66992,71286,76275,82005,89040,97000,105966,114594,125440,141252,154878,172983,194532,217905,243840,276080,315360,322335,324564,323367,323806,324324,319950,316674,314678,310791,308112,302918,289323,275076,252510,221088,180292,134568,68364,0,0,0
17094,17854,18560,19188,20328,20862,21824,22806,23808,25476,26792,27600,29394,31465,32340,34578,36192,38001,41415,44118,46992,50414,54144,57812,61889,66744,71444,77220,83676,91096,99308,109739,122208,133475,149776,167232,188008,213759,240500,273616,294556,299640,296590,291992,287334,283140,276660,270480,262566,251292,237072,215202,188502,152775,110595,56304,0,0,0,0,0
18860,19372,20468,21175,22196,23368,24381,25935,27945,28290,30104,31974,33674,35649,37596,40824,43420,46268,49662,53650,57267,61230,66458,71344,78262,85806,93295,102480,113408,126161,139308,157642,176782,198931,229620,245322,254466,265862,267750,260596,255113,246280,238063,227385,213710,196716,175615,145920,109616,67650,0,0,0,0,0,0,0,0,0,0,0
32850,34884,36895,40590,43947,47793,51336,55290,59994,65280,71568,77660,86536,95742,107865,119349,135468,153811,175450,204240,238374,274224,304161,305028,300817,295410,289692,283089,275094,264668,250472,228872,197984,157768,104918,0,0,0,0,0,0,0,0,0,0,0,0,0,0,0,0,0,0,0,0,0,0,0,0,0,0
6984,7300,7650,7931,8216,8560,8829,9213,9690,10208,10384,10980,11316,11811,12730,13230,14076,14420,15158,15984,16761,17628,18676,19470,20570,21525,23607,24684,26928,28217,29808,32116,34425,36738,40755,43520,47259,51985,56935,62511,67925,75555,84272,93688,105918,121404,137566,158295,182466,219240,253266,290915,300354,296100,288648,285621,279078,271362,260084,242667,216678
16459,16983,17741,18954,19754,21033,22125,24050,25594,28014,28968,30952,33673,35805,39366,42251,46288,51615,55963,61600,67275,75428,83448,93772,107100,122310,141408,164300,192384,230315,272136,293942,295467,286836,283650,277137,267156,255488,238050,207580,166420,111252,0,0,0,0,0,0,0,0,0,0,0,0,0,0,0,0,0,0,0
6256,6324,6580,6816,7178,7425,7777,8216,8774,8938,9350,9718,10208,10620,11102,11776,12160,12707,13365,14560,15052,15768,16650,17670,18603,19800,21156,22302,23660,25920,28059,29725,31737,34565,37280,41328,45232,49322,54720,60501,67089,75020,83853,95160,110403,126387,148393,172698,206850,247487,303240,311346,307582,302220,298146,289656,283004,270300,246697,208450,151200
13974,14700,15552,16350,17556,18444,19635,21204,23168,23892,26600,28944,30222,33288,36024,40172,44022,47880,53487,59700,66671,73902,84315,96678,112464,130746,154836,186372,223608,273315,309934,303960,299792,295788,288575,280371,273672,244750,197830,142844,56444,0,0,0,0,0,0,0,0,0,0,0,0,0,0,0,0,0,0,0,0
4758,5022,5248,5312,5460,5610,5896,6188,6510,6674,7008,7350,7777,8137,8610,8964,9435,9804,10620,10800,11625,11938,12610,13400,14178,14805,15805,16872,18802,19360,20956,22176,24104,26167,28368,30576,34476,36708,41067,45312,50135,55678,62730,71176,81420,93345,109408,129390,154500,186789,229896,285516,319880,318150,313941,309573,304304,304876,286380,247157,193091
7326,7828,8268,8424,8880,9462,10062,10440,11036,11684,12314,13524,14200,14935,16050,16848,18810,19256,21472,22875,24960,27048,29892,32266,35649,39342,44184,48928,55614,62646,71136,82362,95676,111945,132550,160132,195097,242725,260246,266133,258175,247776,233772,212075,179010,130813,61299,0,0,0,0,0,0,0,0,0,0,0,0,0,0
3200,3315,3366,3484,3604,3726,3905,4032,4144,4350,4466,4680,4960,5166,5229,5376,5808,5896,6188,6417,6580,6912,7326,7752,8112,8829,9213,9690,10296,10947,11625,12160,13095,14076,14626,15836,16983,18240,19635,21402,23368,25403,27462,30160,33592,37047,41002,46200,51888,59085,68343,78719,92106,108876,131227,160160,198121,249102,296338,292383,284581
25058,27777,30784,34320,38305,43250,48327,55296,65104,74919,88298,105931,130416,161595,204740,264132,318816,316395,310524,306240,296856,284040,234360,172260,60480,0,0,0,0,0,0,0,0,0,0,0,0,0,0,0,0,0,0,0,0,0,0,0,0,0,0,0,0,0,0,0,0,0,0,0,0
8034,8453,9020,9804,10296,10890,11844,12480,13400,14664,15408,17136,17784,19992,21500,24235,26520,29315,32550,36888,41416,47348,54243,63444,73902,87282,106812,130566,162552,211338,273426,310155,305100,297600,288198,278254,244062,177416,79968,0,0,0,0,0,0,0,0,0,0,0,0,0,0,0,0,0,0,0,0,0,0
2891,3000,3162,3150,3264,3445,3564,3685,3905,3976,4176,4408,4543,4740,4960,5084,5460,5610,6120,6348,6674,6984,7425,7956,8400,8964,9492,10062,10800,11625,12192,13534,14560,15876,16912,18444,19965,21576,24288,26910,29930,33507,37513,42750,49044,56163,66462,78525,93798,114972,144716,184368,243200,316407,315684,307800,303992,292608,273500,217094,129850
5916,5916,6370,6674,7008,7425,7956,8692,9350,9944,10530,11132,12192,13200,14144,15194,16539,17940,19886,22016,24339,26549,29290,33418,38280,43500,50864,59295,69336,83772,102144,127965,163966,216216,289674,325080,323904,321265,314464,307925,254745,171941,0,0,0,0,0,0,0,0,0,0,0,0,0,0,0,0,0,0,0
3445,3618,3795,4032,4161,4425,4620,4819,5022,5312,5440,5742,6030,6370,6745,7154,7600,8216,8798,9265,9944,11011,11468,12416,13534,14490,15660,17176,18720,20541,22656,25058,28314,31650,35708,41405,47160,54817,65205,78648,95202,118156,151585,196995,268670,315666,313201,306104,298044,286200,234568,158304,0,0,0,0,0,0,0,0,0
1872,1911,2000,2040,2040,2184,2226,2376,2475,2520,2679,2784,2940,2989,3200,3315,3445,3564,3672,3920,4161,4425,4620,4836,5022,5376,5742,5896,6279,6745,7154,7575,8216,8964,9460,10235,11040,11970,13563,14178,15158,16610,18444,20040,22352,25460,28341,32035,36888,42750,50232,59297,71595,87420,109460,142296,187600,256581,306020,300144,292320
6720,7128,7548,8085,8611,9266,10062,11036,11684,12730,14342,15141,17172,18924,20706,23125,26136,29329,33596,38868,45292,53214,63700,76826,95238,119600,156350,205076,240327,249841,235172,212800,174735,108290,0,0,0,0,0,0,0,0,0,0,0,0,0,0,0,0,0,0,0,0,0,0,0,0,0,0,0
2132,2226,2322,2475,2520,2714,2820,2989,3100,3213,3432,3604,3834,3960,4161,4602,4740,5022,5229,5676,5963,6279,6840,7300,7854,8774,9435,10324,11040,12160,13700,14768,16200,18012,20040,22606,25862,28905,33450,40016,46992,56536,69388,86856,111111,148090,203399,293253,293864,279788,266265,234378,157122,0,0,0,0,0,0,0,0
12103,13248,14600,16120,18150,20240,23124,26000,29729,34839,40248,47827,57462,71306,88578,112879,148930,194590,209253,218370,172568,138244,89775,0,0,0,0,0,0,0,0,0,0,0,0,0,0,0,0,0,0,0,0,0,0,0,0,0,0,0,0,0,0,0,0,0,0,0,0,0,0
4602,4860,5312,5590,5785,6231,6555,7373,7622,8502,9184,10148,11036,12276,13524,14892,16692,18871,20944,24003,27810,31746,37268,45024,53640,65934,83001,107692,141780,193844,232560,239882,214935,180950,121520,0,0,0,0,0,0,0,0,0,0,0,0,0,0,0,0,0,0,0,0,0,0,0,0,0,0
1116,1178,1178,1320,1280,1320,1353,1419,1505,1575,1584,1620,1739,1872,1872,1989,2040,2120,2132,2279,2365,2464,2714,2714,2914,3087,3300,3468,3588,3763,3996,4312,4640,4779,5100,5418,5785,6231,6693,7272,8056,8991,9912,10824,11739,13205,14790,16170,18480,21182,24000,27738,32461,38346,46644,56730,70847,90225,118364,161184,179745
1110,1147,1216,1287,1320,1394,1428,1462,1505,1584,1620,1748,1748,1833,1960,2000,2080,2226,2365,2322,2475,2610,2714,3038,3264,3432,3604,3726,4032,4144,4466,4860,5063,5394,5850,6460,6860,7725,8374,9184,10062,11284,13056,14100,16200,17967,20587,23749,27674,32412,39342,48475,59904,76612,101817,138384,196544,223036,220010,193110,147609
11253,11590,11904,12222,12672,13433,13872,14317,14910,14872,14976,15476,16132,17784,17710,18802,19560,20086,20910,21625,22704,23760,25568,26320,27048,29664,31244,30932,32400,34188,36110,38070,40338,42750,45232,48412,51245,54720,58115,62321,67309,72158,77861,84728,93126,100878,109752,119133,129920,143622,158862,173250,190576,211320,237363,267300,302562,311675,318725,311004,304486
15370,16872,16761,17980,18720,19844,20418,21250,23270,24420,24738,26688,28565,30222,30514,32163,34188,36252,38704,41480,44275,47160,50778,54336,58212,63549,68694,74482,83187,91750,99846,109890,122836,135447,151996,168960,190356,217406,246411,285525,321750,332519,328594,319493,312018,306384,298200,289432,275456,259000,242210,216770,185152,146432,93730,31392,0,0,0,0,0
19635,20500,20956,21672,24388,24605,25893,27495,28944,30636,32742,35168,37490,39674,42656,46800,50303,53671,58692,63954,69657,76045,84252,92256,102312,114675,128331,143655,164154,186339,214600,246875,290612,310155,317361,311294,303810,296406,291657,281220,268822,254774,240240,212160,179024,138852,83174,26400,0,0,0,0,0,0,0,0,0,0,0,0,0
13596,14144,14456,14946,16317,16539,17328,18252,19159,20172,21250,22317,24339,25619,26772,28368,29841,31588,33945,36547,38940,41724,45568,48760,52630,56933,62525,67947,74816,84606,95370,104016,118158,132462,150885,171855,196512,227838,266328,309320,334640,333900,325440,317844,310944,302204,291270,274022,257488,231120,195408,149574,88984,0,0,0,0,0,0,0,0
35185,37920,41416,43942,47965,51336,55777,60501,65936,73040,81317,90405,101269,111510,126144,141638,159954,182182,208080,240141,282048,306642,316158,307832,298080,288575,279531,265500,248460,231616,205400,171162,129759,74043,19328,0,0,0,0,0,0,0,0,0,0,0,0,0,0,0,0,0,0,0,0,0,0,0,0,0,0
22704,24472,25650,27580,29664,31080,32984,36110,39270,42237,45666,50135,54528,59302,65626,72820,81432,91140,104148,117171,133182,155184,177072,205707,242112,283656,299650,300987,291840,281589,272568,260000,244348,225929,199926,163255,118286,56980,0,0,0,0,0,0,0,0,0,0,0,0,0,0,0,0,0,0,0,0,0,0,0
10829,11253,11685,12096,12642,13068,14111,14734,15194,16428,16912,17980,19040,21625,21760,22925,24435,27974,27885,29694,32494,34602,37327,40222,44176,48208,52882,57800,64050,71484,79560,89661,101394,115232,131868,152312,178343,209961,251472,305422,330966,325042,317295,309117,303104,293364,279282,261944,235578,196920,146810,71064,0,0,0,0,0,0,0,0,0
10881,11931,12222,12800,13802,13832,14659,15369,16498,17135,18326,19360,20336,22610,23936,25116,27313,30300,31312,33598,36450,39884,43966,47840,52689,57600,64660,72029,81291,92988,105732,123552,144144,169344,202575,242170,296560,339864,335520,329022,321100,313992,303996,290440,270368,236736,190080,124928,31878,0,0,0,0,0,0,0,0,0,0,0,0
11303,11830,12236,13344,13536,14454,15198,16016,17066,18040,18759,20240,21777,22560,24304,25984,28462,30774,33033,35574,39215,42665,46644,51330,56364,62400,69488,76860,85191,96695,109668,125498,145745,158166,164000,167442,169100,168920,128685,110550,99899,83676,63961,34317,0,0,0,0,0,0,0,0,0,0,0,0,0,0,0,0,0
18960,20790,21930,23187,25392,28130,29400,31920,35076,38048,42282,46774,51219,57113,65084,72594,83411,95880,111925,132457,157300,187968,226560,284230,335118,328386,320229,313548,305118,292152,275544,246432,204498,142450,50220,0,0,0,0,0,0,0,0,0,0,0,0,0,0,0,0,0,0,0,0,0,0,0,0,0,0
10769,11160,11718,12540,13662,14484,14832,15943,16956,18093,18696,20007,22263,24003,25676,28907,30888,33525,36498,40500,45315,50400,56511,62766,71868,81172,93534,108800,128436,153621,180930,205920,218960,231264,234135,217035,166463,144377,126854,98800,44928,0,0,0,0,0,0,0,0,0,0,0,0,0,0,0,0,0,0,0,0
5312,5762,5896,6300,6480,6716,7104,7623,7878,8240,8667,9130,9546,9918,10829,11346,12319,12936,13770,14280,15264,16459,17472,18998,20449,22000,23920,26910,28482,32929,34650,38794,43942,49410,55584,62524,73146,84724,100744,119540,143319,174768,214396,267240,289629,285124,271765,255320,232566,205530,163520,104646,0,0,0,0,0,0,0,0,0
20691,21948,23736,27472,29029,31605,35266,39935,44376,50050,57036,66044,75803,88401,105413,125440,152272,187035,231756,257231,271082,256975,240534,209620,185928,149596,90598,0,0,0,0,0,0,0,0,0,0,0,0,0,0,0,0,0,0,0,0,0,0,0,0,0,0,0,0,0,0,0,0,0,0
29601,32780,36581,41750,47526,54243,62321,73466,87108,103314,122711,154256,188604,239274,265608,272921,255136,236682,207095,173652,122757,47265,0,0,0,0,0,0,0,0,0,0,0,0,0,0,0,0,0,0,0,0,0,0,0,0,0,0,0,0,0,0,0,0,0,0,0,0,0,0,0
5984,6461,6862,7178,7524,7956,8400,8748,9435,10235,11040,11468,12384,13400,14214,15301,16200,17741,19516,21033,22860,25594,27800,32560,34650,39360,44288,51060,58706,69660,81896,99328,120120,145440,182317,231240,275184,285088,271026,252296,226215,195456,143640,65250,0,0,0,0,0,0,0,0,0,0,0,0,0,0,0,0,0
16576,18676,19352,21625,24206,28840,30192,34226,38070,44678,51110,59094,68904,82250,100880,130200,158925,199406,262515,336707,341055,325725,308502,282402,237412,161568,41446,0,0,0,0,0,0,0,0,0,0,0,0,0,0,0,0,0,0,0,0,0,0,0,0,0,0,0,0,0,0,0,0,0,0
5103,5525,5695,6003,6552,6935,7104,7644,8137,8692,9605,10032,10502,11193,12288,13534,14946,15582,17628,18720,20280,22784,27270,29346,33110,37816,43896,50920,58491,68904,82602,102046,132600,166493,216132,291896,347628,332833,315904,292560,254562,188100,74543,0,0,0,0,0,0,0,0,0,0,0,0,0,0,0,0,0,0
6370,6696,7008,7524,8034,8586,9324,9605,10472,11408,12513,13464,14523,16241,16830,20060,21156,24816,27200,30368,34788,40320,46540,54528,64066,77175,96635,123405,157267,202062,270912,325241,315732,296001,262524,219347,138330,0,0,0,0,0,0,0,0,0,0,0,0,0,0,0,0,0,0,0,0,0,0,0,0
3672,3795,3976,4032,4350,4560,4819,4977,5395,5695,6230,6461,6935,7448,8058,8798,9156,9744,10413,11439,12096,13200,14664,16170,17289,19773,21328,23660,27495,31050,35616,42212,49707,58089,70299,84845,108000,143325,181815,244505,342432,350176,331578,312576,277750,213538,101711,0,0,0,0,0,0,0,0,0,0,0,0,0,0
4032,4234,4425,4661,4960,5166,5610,6072,6461,6882,7546,8160,8320,9047,9744,10413,11346,12192,13736,15052,15876,17670,19635,22050,24871,28656,32680,38376,45974,53376,64260,79233,98175,128920,170352,226642,323818,349896,334332,311558,275184,202950,72504,0,0,0,0,0,0,0,0,0,0,0,0,0,0,0,0,0,0
9744,10530,11253,12192,13566,14946,16464,18369,20708,23187,26410,30502,34602,41108,49329,58667,71360,89032,114258,154998,207009,295650,375063,360777,349887,320542,265299,148512,0,0,0,0,0,0,0,0,0,0,0,0,0,0,0,0,0,0,0,0,0,0,0,0,0,0,0,0,0,0,0,0,0
7125,7821,8610,8774,9657,10005,11132,12222,13300,14910,15729,18212,20252,22352,27126,29784,33880,40320,48312,58200,71604,89304,114675,156975,206955,298660,355510,340318,318760,281792,209208,70356,0,0,0,0,0,0,0,0,0,0,0,0,0,0,0,0,0,0,0,0,0,0,0,0,0,0,0,0,0
7725,8268,9184,9775,10890,11904,13152,14241,15645,17538,20124,22017,24960,28905,33896,39123,46191,55084,67240,84043,107426,144900,188605,261188,285360,271584,212910,175551,102010,0,0,0,0,0,0,0,0,0,0,0,0,0,0,0,0,0,0,0,0,0,0,0,0,0,0,0,0,0,0,0,0
21279,23865,27263,31248,37920,44289,53568,64842,81586,106496,140553,187912,224360,244625,211500,154638,118096,30108,0,0,0,0,0,0,0,0,0,0,0,0,0,0,0,0,0,0,0,0,0,0,0,0,0,0,0,0,0,0,0,0,0,0,0,0,0,0,0,0,0,0,0
3276,3380,3564,3740,3920,4218,4524,4819,5146,5440,5590,6210,6510,7200,7777,8480,9520,10266,11160,12220,13860,15264,17248,19470,21525,24628,28968,33896,40260,49322,60600,75803,99036,133400,182575,245385,274170,249919,210576,159340,60792,0,0,0,0,0,0,0,0,0,0,0,0,0,0,0,0,0,0,0,0
9690,10824,12126,13700,15225,16983,19470,21824,25862,30030,34050,41250,50318,62287,79744,104648,142296,196757,231155,241000,183168,144552,79540,812,783,864,924,1456,1512,1568,1596,1647,1593,1560,0,0,0,0,0,0,0,0,0,0,0,0,0,0,0,0,0,0,0,0,0,0,0,0,0,0,0
10413,10829,11040,11346,11875,12319,12544,13200,13433,14111,14664,15052,15660,15950,16610,17289,17670,18486,19440,20252,21250,22188,23187,24924,25482,26931,28368,29492,31050,32589,34444,36774,38280,40320,42828,45232,48412,51336,54912,59004,63448,68586,74698,79677,86979,94956,104748,114436,126000,138516,155848,174097,195052,222630,255962,294402,325754,345838,366036,378950,372186
28457,29784,31650,33048,35457,37191,39270,41912,44115,46728,49868,53960,57720,62832,67830,73480,78400,86480,93696,104192,113155,124373,137853,155342,173236,194586,221400,256080,292404,306306,322452,336238,350262,345576,343315,332893,331296,313956,297794,279594,249948,215560,176875,127330,72670,0,0,0,0,0,0,0,0,0,0,0,0,0,0,0,0
21504,22876,24030,25298,26696,28518,29949,31930,34344,36520,38646,41184,43740,47058,51145,54725,58916,64500,69888,76424,84321,92202,102144,113146,126144,141680,162032,185850,211296,247200,291168,339648,388345,414288,409220,408652,410767,407154,403354,404487,397200,382230,355145,314184,262575,199775,126831,0,0,0,0,0,0,0,0,0,0,0,0,0,0
9632,9744,10324,10710,11040,11102,11562,12192,12513,13200,13534,14008,14805,15052,15660,16428,17176,18055,18603,19278,20252,21672,23318,23760,26496,28116,28368,30514,31710,34069,35840,38142,40488,43172,46020,49593,53298,58212,63140,69015,74580,81295,89625,99396,110197,123265,137275,156045,176800,202648,235104,274113,317889,339714,362408,379764,376084,370300,364672,353298,341328
7566,7900,8080,8446,8904,9095,9374,9657,10057,10260,10580,10974,11280,11931,12222,12642,13200,13974,14840,15087,15730,16498,18054,18564,19557,20500,22016,23408,24426,25760,26884,28470,30247,31977,34776,37241,40136,43318,46805,50233,55275,59904,66054,72732,80065,87685,99036,110970,124700,141988,164176,190452,222300,262629,313984,380034,419968,415250,416405,415415,415107
12474,12900,13464,14248,15228,15651,16385,17020,18634,19468,20574,21376,22743,25020,26535,26884,28564,30351,32499,35534,38925,41418,45080,47752,53064,58448,63720,70370,78064,87000,97202,108900,123516,141816,165490,192960,227368,275196,331545,408576,436080,431456,437184,437920,437880,435840,431480,427527,391210,343380,282204,196134,0,0,0,0,0,0,0,0,0
5934,6072,6390,6552,6882,6975,7220,7469,8000,8364,8632,8715,9072,9460,9831,10350,10948,11439,11808,12222,12870,13668,14248,15012,15587,17063,17480,18600,19964,20625,22317,23807,27170,27936,29452,31768,34503,37682,41238,45069,48620,53156,59450,65484,74128,83280,93610,106128,121552,140895,165968,195762,235460,288150,355320,389453,395067,388229,386860,380964,373125
10530,11132,11656,12222,12416,13802,14352,14805,15552,16060,17328,17980,18998,20374,21546,22704,24206,26460,28565,30653,33228,35581,38445,41067,44958,49848,54708,59697,67308,74705,84846,95750,109180,125045,145082,170748,201600,248708,298068,341432,373986,377435,373833,368125,361005,352512,323056,282564,224010,151765,63000,0,0,0,0,0,0,0,0,0,0
9288,9744,10146,10647,11160,11562,12125,12800,13464,14144,15228,15873,16837,18526,19642,20625,21672,23625,25208,27264,29304,31878,34720,38136,41825,46116,50880,55800,63089,70022,79900,90387,103350,118582,138920,166145,197936,242256,300585,369570,405874,399208,398235,393228,388125,378160,351675,303750,237354,150804,0,0,0,0,0,0,0,0,0,0,0
8988,9350,9831,10502,10890,11224,11970,12838,13534,13974,15015,15914,16912,18012,18444,20040,22352,23628,27126,27832,29930,32314,34944,38305,42081,46374,50691,56640,64478,72240,82440,93749,109298,126589,149094,179820,218940,269785,304152,326830,349800,338400,317530,301056,279954,233020,181367,105846,0,0,0,0,0,0,0,0,0,0,0,0,0
9632,10235,10738,11253,11685,12771,13433,14175,14873,16240,17250,17710,19397,20708,22144,24254,26790,28959,31518,34880,37620,42039,46003,51051,57327,65621,74592,85070,100076,118250,140304,169898,209916,266665,336144,377169,390888,391680,380844,371148,350727,301719,229950,136512,0,0,0,0,0,0,0,0,0,0,0,0,0,0,0,0,0
32550,36186,39648,44176,49395,56145,63440,72708,84724,99960,118680,143700,175357,222138,283868,352182,390417,385280,379665,369648,357738,318128,253172,159960,0,0,0,0,0,0,0,0,0,0,0,0,0,0,0,0,0,0,0,0,0,0,0,0,0,0,0,0,0,0,0,0,0,0,0,0,0
3339,3510,3575,3685,3808,3990,4248,4366,4560,4774,4836,5120,5265,5695,5916,6141,6461,6789,7372,7546,7979,8528,8798,9396,9879,10556,11067,11685,12573,13231,14040,15478,16060,17063,19200,20049,21844,23892,26696,28710,31768,34697,39843,45250,50350,56516,65178,75696,89544,105072,126280,154840,193752,246721,322061,377055,393948,384006,373722,359159,332664
18720,20207,21971,23760,26880,29841,32376,36450,39913,44370,50320,56940,66360,75336,87655,105370,125656,155035,191984,245860,317031,353925,370319,364160,347510,332537,292544,221835,129580,0,0,0,0,0,0,0,0,0,0,0,0,0,0,0,0,0,0,0,0,0,0,0,0,0,0,0,0,0,0,0,0
2438,2585,2688,2793,2940,3000,3100,3162,3276,3380,3551,3850,3920,4047,4176,4366,4560,4758,5022,5103,5460,5762,6160,6461,6975,7220,7722,8240,8715,9095,9657,10324,11067,11780,12544,13802,14385,15552,17100,18526,20088,22016,25620,27648,30502,34026,39330,43855,50233,58058,68328,80476,96750,117320,146157,188268,248750,287793,326886,316296,307584
4880,5248,5395,5762,5984,6370,6532,6935,7275,7878,8137,8586,9156,9718,10120,10948,11875,12416,13534,14352,15768,16539,17515,19352,20664,22833,25432,28171,30636,34854,38376,43092,48780,56648,65096,75336,90202,108521,133095,164424,211400,277782,327980,363825,354480,338723,315792,277344,201920,100893,0,0,0,0,0,0,0,0,0,0,0
5184,5544,5762,6141,6370,6862,7372,7800,8080,8610,9265,9856,10556,11040,11780,12672,13566,14490,15552,16761,18762,20295,22144,24206,29054,30098,33755,38701,44640,50350,57772,67176,79794,95758,115368,144738,185072,241569,327040,388286,395086,384197,371484,356279,298149,206367,0,0,0,0,0,0,0,0,0,0,0,0,0,0,0
4914,5200,5412,5848,6160,6532,6900,7372,7742,8240,8856,9265,9831,10413,11253,12319,13000,14111,14946,16950,18018,19844,21500,25160,27313,30098,34226,39377,44750,51030,59772,70737,83424,101920,124362,158065,203276,273097,344817,383202,369032,355191,333125,287507,199712,78936,0,0,0,0,0,0,0,0,0,0,0,0,0,0,0
5896,6052,6370,6624,7125,7524,8240,8881,9156,9546,10413,11040,11875,12870,14008,15087,15914,17710,18837,20787,22833,25568,28855,32224,36708,40898,47241,54244,63756,76043,90480,110880,137460,177561,235736,315864,361390,374292,358512,338865,303920,224162,109011,0,0,0,0,0,0,0,0,0,0,0,0,0,0,0,0,0,0
7372,7956,8505,8881,9632,10324,11132,11750,12870,13974,14840,16095,17402,19116,21328,23580,28356,29638,33418,37746,43423,49776,58408,69438,83030,101000,126035,160468,211050,285930,326745,351816,339825,307390,272310,194997,83400,0,0,0,0,0,0,0,0,0,0,0,0,0,0,0,0,0,0,0,0,0,0,0,0
5460,5762,5984,6532,6935,7350,7878,8400,8856,9605,10769,11132,11750,12969,14352,15264,16872,18486,20160,22833,26966,29290,33110,37979,44176,50864,60996,72488,88080,110124,137710,181362,243716,316923,355908,348381,326480,294585,230736,125334,0,0,0,0,0,0,0,0,0,0,0,0,0,0,0,0,0,0,0,0,0
3000,3111,3276,3328,3445,3685,3864,3976,4234,4484,4620,4898,5248,5395,5848,6210,6716,7372,7878,8343,9095,9657,10440,11253,12222,12870,14248,15805,17480,19200,21420,24254,27599,31050,36064,42834,49181,58782,71706,88445,110430,141940,191601,253776,290181,304122,289680,268502,226665,147459,0,0,0,0,0,0,0,0,0,0,0
16837,18676,20910,23400,27020,30900,35168,39688,46197,54817,66044,79875,100098,126866,165577,225625,300753,342016,342612,311243,278915,204375,85371,0,0,0,0,0,0,0,0,0,0,0,0,0,0,0,0,0,0,0,0,0,0,0,0,0,0,0,0,0,0,0,0,0,0,0,0,0,0
3920,4047,4234,4425,4758,5040,5460,5848,6279,6716,7372,7979,8632,9265,10057,10856,12000,13000,13905,15805,17063,19118,21590,24570,28324,32760,38870,45250,53820,65178,81528,104538,134088,185072,260942,301679,312337,297491,274518,225000,128785,0,0,0,0,0,0,0,0,0,0,0,0,0,0,0,0,0,0,0,0
9374,10235,11160,11780,13130,14144,15620,16950,18880,20618,23760,27456,31559,36126,41968,47700,58307,70525,87584,108680,144639,196424,279328,358182,382250,368406,346875,294590,181403,0,0,0,0,0,0,0,0,0,0,0,0,0,0,0,0,0,0,0,0,0,0,0,0,0,0,0,0,0,0,0,0
3150,3328,3498,3795,3976,4161,4366,4620,4960,5103,5376,5896,6348,6768,7326,7878,8560,9520,10413,10980,12160,13400,14872,16500,18126,21204,24156,27186,31017,36960,43942,52173,63860,80028,102912,134963,183816,221088,250517,258468,214840,171402,107712,0,0,0,0,0,0,0,0,0,0,0,0,0,0,0,0,0,0
17784,19920,22528,25432,29694,34540,40488,48230,57721,70950,90375,116477,155754,220932,312906,366916,355680,328747,280575,168394,0,0,0,0,0,0,0,0,0,0,0,0,0,0,0,0,0,0,0,0,0,0,0,0,0,0,0,0,0,0,0,0,0,0,0,0,0,0,0,0,0
24871,29252,33069,38640,45936,57128,70263,89916,116774,158469,225981,292708,334338,293166,252900,186349,44772,0,0,0,0,0,0,0,0,0,0,0,0,0,0,0,0,0,0,0,0,0,0,0,0,0,0,0,0,0,0,0,0,0,0,0,0,0,0,0,0,0,0,0,0
50374,53619,57078,61035,65124,69552,74686,80223,86562,93772,101106,109568,120150,131494,143344,159296,174432,194139,211552,220374,230096,241186,253449,264812,277440,273980,268324,265650,258681,251636,243261,236964,228105,215774,200122,178848,155103,123753,92974,61420,31705,0,0,0,0,0,0,0,0,0,0,0,0,0,0,0,0,0,0,0,0
28634,29887,31899,33750,36190,38478,41580,44973,47600,51404,55944,60564,65975,72420,79476,87928,97200,108800,120600,137172,153900,176871,204336,237816,280192,335575,365629,361284,353242,347282,340686,331116,322926,311710,296920,272484,242990,198855,143553,86112,39663,0,0,0,0,0,0,0,0,0,0,0,0,0,0,0,0,0,0,0,0
19234,19920,20910,22000,23040,24050,25270,28014,28140,31755,32770,33376,35650,38880,40672,43690,47704,50960,55670,60085,66033,72240,79425,87556,97216,107744,121550,136590,155848,177234,204750,237750,260652,277830,300966,311904,307020,303340,302244,296478,294488,287073,278597,264316,237984,205850,160590,109044,61650,0,0,0,0,0,0,0,0,0,0,0,0
7950,8346,8611,9184,9545,9744,10062,10440,10736,11036,11557,12090,12408,12730,13622,14400,14790,15496,16218,17004,18480,18696,19539,21000,22140,23424,24628,26130,27600,29046,30885,33150,35190,37446,41164,44200,47520,51423,55272,60172,65772,72080,80908,88736,99047,109225,123760,140650,159852,185130,216550,255461,303993,361100,366626,358704,350628,347490,342540,333992,325876
21525,23114,23936,25802,27675,30174,32045,33004,35496,38236,41492,45050,48928,53912,58944,65975,73485,81395,91804,103086,117660,136123,157560,181203,212960,225762,242182,261795,277914,271942,266700,255990,244790,235320,217704,190060,152684,104720,57270,0,0,0,0,0,0,0,0,0,0,0,0,0,0,0,0,0,0,0,0,0,0
15049,15600,16692,17600,18645,20007,21538,23000,24700,26136,29746,31680,33972,35720,39591,42640,47128,52200,57716,65272,73850,83402,94636,109549,128384,149212,177276,201928,217925,234076,254001,262654,254310,237006,222988,206416,180389,151372,101814,46500,140,150,160,160,160,150,150,150,150,154,150,0,0,0,0,0,0,0,0,0,0
40800,44220,48894,53640,60356,67335,75472,85026,96524,112644,129600,150048,177840,194138,205326,220896,237056,248880,239888,209188,196214,176136,152079,128777,84912,31350,0,0,0,0,0,0,0,0,0,0,0,0,0,0,0,0,0,0,0,0,0,0,0,0,0,0,0,0,0,0,0,0,0,0,0
44030,48144,52992,58176,64800,72240,80811,92430,105716,124620,145796,173472,208208,237887,253582,271860,294008,286670,268320,252525,236280,211922,187248,136234,76272,15950,0,0,0,0,0,0,0,0,0,0,0,0,0,0,0,0,0,0,0,0,0,0,0,0,0,0,0,0,0,0,0,0,0,0,0
11520,11960,12878,13818,14157,14994,15960,17113,18582,19942,20825,22692,24570,27405,28840,32929,34200,37045,41565,45560,51086,56474,64675,74900,85428,99144,115440,137538,165088,201705,217500,237586,259554,266240,256880,244064,230153,212736,180072,134415,75240,0,0,0,0,0,0,0,0,0,0,0,0,0,0,0,0,0,0,0,0
52264,57720,66144,74698,86010,100947,117776,141372,169898,209328,258451,311945,345598,342771,336640,334698,330561,324658,301474,260897,194138,104652,0,0,0,0,0,0,0,0,0,0,0,0,0,0,0,0,0,0,0,0,0,0,0,0,0,0,0,0,0,0,0,0,0,0,0,0,0,0,0
5022,5292,5440,5720,6030,6006,6348,6580,6816,7272,7548,7980,8239,8611,9153,9744,10115,10736,11125,11776,12408,13095,14140,15015,15943,17205,18240,19656,21033,23058,25669,26304,28684,31017,33813,36814,40344,45240,50691,57036,64464,73346,84680,98750,114276,138116,165268,201722,255840,333750,393600,386716,381582,374735,368424,358036,340518,310786,243408,143562,0
26865,28980,31752,35037,38078,42496,48224,53544,61152,69806,81000,95106,110253,133668,162316,202713,258908,340664,359575,348210,341658,327028,313754,291375,249471,184194,93312,16872,0,0,0,0,0,0,0,0,0,0,0,0,0,0,0,0,0,0,0,0,0,0,0,0,0,0,0,0,0,0,0,0,0
11303,11921,12648,13440,14600,15553,16906,18315,20007,21182,23375,25938,27880,31031,34350,37665,41891,47472,53619,60916,69834,81549,94872,112268,134964,165438,207592,266162,310890,327590,312180,296022,275720,249001,208890,145464,67160,0,0,0,0,0,0,0,0,0,0,0,0,0,0,0,0,0,0,0,0,0,0,0,0
6432,6831,7140,7597,7992,8736,9234,9758,10416,10962,11921,12648,13344,14256,15656,16692,17930,19550,21360,23000,26000,28424,31755,34866,38220,43326,48546,55083,64222,73920,86850,103700,126430,155465,190314,208873,230466,253916,247748,220275,202293,174587,142275,79904,0,0,0,0,0,0,0,0,0,0,0,0,0,0,0,0,0
19205,20760,22625,25021,27600,30316,33600,37440,42330,48048,53728,62568,72504,86250,101106,122664,151848,191896,250125,333104,347182,336762,324162,308000,285184,246050,179935,85275,0,0,0,0,0,0,0,0,0,0,0,0,0,0,0,0,0,0,0,0,0,0,0,0,0,0,0,0,0,0,0,0,0
41076,46710,53728,62524,73776,89088,106596,132406,168480,212608,235710,266084,271872,261450,244790,226083,185256,118783,40767,0,0,0,0,0,0,0,0,0,0,0,0,0,0,0,0,0,0,0,0,0,0,0,0,0,0,0,0,0,0,0,0,0,0,0,0,0,0,0,0,0,0
4015,4200,4312,4524,4880,5146,5292,5590,5785,6164,6324,6555,6958,7344,7875,8208,8769,9545,10030,10527,11250,12090,12825,13959,15184,16585,18240,20296,21648,24123,26325,29394,32482,36504,41580,48144,54708,63717,75864,91008,108375,136036,174400,229950,314712,360240,347733,339855,324210,302817,261290,183599,74572,0,0,0,0,0,0,0,0
4560,4880,5146,5292,5418,5720,5940,6097,6486,6958,7446,7875,8316,8880,9462,9945,10440,11125,12090,13344,13860,15184,16740,18126,19836,21824,24050,26792,29744,33220,37052,42840,49046,56154,64960,78366,94138,113184,143863,183911,245427,342108,362712,350400,344025,329346,308652,260930,170884,59304,0,0,0,0,0,0,0,0,0,0,0
7384,7632,8066,8814,9711,10455,11136,11921,12972,14256,15198,16324,18256,20007,22320,24130,27540,31680,35485,39680,44688,50976,60096,72105,87168,106500,134068,172776,213246,238524,271542,262135,244708,225056,191338,129283,46222,0,0,0,0,0,0,0,0,0,0,0,0,0,0,0,0,0,0,0,0,0,0,0,0
4015,4088,4425,4680,4880,5146,5355,5418,5696,6097,6392,6693,7200,7519,7980,8502,9153,9628,10527,11088,12052,13056,14200,15496,16848,18480,20178,22568,25152,28014,31175,35343,40500,46096,53176,62685,74736,91096,110080,139080,180880,243460,334632,346020,333644,318324,299520,265125,196500,89010,0,0,0,0,0,0,0,0,0,0,0
5270,5632,5850,6188,6555,7128,7446,7875,8393,9040,9545,10200,11125,11960,13483,14746,15244,17172,18532,20587,23114,25669,30429,32560,37523,43264,50414,59865,72118,87890,109039,136994,182595,250210,365364,365275,355005,346380,328125,292672,208280,79120,0,0,0,0,0,0,0,0,0,0,0,0,0,0,0,0,0,0,0
5394,5607,5980,6298,6624,7200,7446,7950,8502,9040,9758,10578,11520,12369,14157,15402,16006,17710,19152,21716,24366,28634,30388,34730,40160,46710,54096,66744,79611,98490,125010,156600,211406,297924,350717,338195,324162,307340,271960,203112,0,0,0,0,0,0,0,0,0,0,0,0,0,0,0,0,0,0,0,0,0
31104,35264,40733,48852,57078,68340,85125,107019,137821,184356,247108,287664,305102,292632,269010,240534,170190,58692,0,0,0,0,0,0,0,0,0,0,0,0,0,0,0,0,0,0,0,0,0,0,0,0,0,0,0,0,0,0,0,0,0,0,0,0,0,0,0,0,0,0,0
8658,9396,10080,10962,11921,13916,15352,16324,17440,20007,22386,25155,28634,32625,37820,44520,52780,64842,79254,99064,126752,168330,232632,327888,336960,323040,300960,266766,197604,79590,0,0,0,0,0,0,0,0,0,0,0,0,0,0,0,0,0,0,0,0,0,0,0,0,0,0,0,0,0,0,0
5124,5456,5980,6365,6831,7000,7592,8100,8814,9520,10332,11352,12649,13824,15300,17227,18870,20709,23560,26532,29808,34018,40545,47260,56181,70110,87168,108186,140208,193477,272160,318768,314916,291000,255474,198660,93060,0,0,0,0,0,0,0,0,0,0,0,0,0,0,0,0,0,0,0,0,0,0,0,0
20349,23495,26334,29820,35032,41820,50400,60645,74550,93530,122626,166158,233567,267268,296700,273006,248244,205850,105995,0,0,0,0,0,0,0,0,0,0,0,0,0,0,0,0,0,0,0,0,0,0,0,0,0,0,0,0,0,0,0,0,0,0,0,0,0,0,0,0,0,0
3185,3350,3588,3710,3942,4125,4466,4720,4980,5332,5632,6006,6392,6930,7446,7950,8580,9006,9960,10875,11921,12878,14300,16642,18426,20124,23000,26264,29751,34808,40176,48224,58140,72846,90171,116509,157122,220978,326275,387296,371175,350700,315126,234794,86215,0,0,0,0,0,0,0,0,0,0,0,0,0,0,0,0
2623,2772,2880,3036,3196,3312,3479,3774,4028,4345,4455,4930,5074,5490,5796,6336,6732,7384,7992,8624,9558,10292,11397,12741,14355,15402,17820,20178,23368,26334,29960,35955,43771,51766,63237,78771,99424,134964,187520,240327,277718,279306,232928,198648,122012,0,0,0,0,0,0,0,0,0,0,0,0,0,0,0,0
