,mean_fit_time,std_fit_time,mean_score_time,std_score_time,param_mlp__hidden_layer_sizes,params,split0_test_r2,split1_test_r2,split2_test_r2,split3_test_r2,split4_test_r2,split5_test_r2,split6_test_r2,split7_test_r2,split8_test_r2,split9_test_r2,split10_test_r2,split11_test_r2,split12_test_r2,mean_test_r2,std_test_r2,rank_test_r2,split0_test_neg_root_mean_squared_error,split1_test_neg_root_mean_squared_error,split2_test_neg_root_mean_squared_error,split3_test_neg_root_mean_squared_error,split4_test_neg_root_mean_squared_error,split5_test_neg_root_mean_squared_error,split6_test_neg_root_mean_squared_error,split7_test_neg_root_mean_squared_error,split8_test_neg_root_mean_squared_error,split9_test_neg_root_mean_squared_error,split10_test_neg_root_mean_squared_error,split11_test_neg_root_mean_squared_error,split12_test_neg_root_mean_squared_error,mean_test_neg_root_mean_squared_error,std_test_neg_root_mean_squared_error,rank_test_neg_root_mean_squared_error
0,0.38028540978064906,0.031923856873986516,0.0007659655350905198,0.000529439531938336,"(50,)","{'mlp__hidden_layer_sizes': (50,)}",0.8890417600090288,0.7955621565802256,0.9155489134392875,0.8581589535598034,0.7607313487836546,0.8285334034259809,0.9189815934671521,0.6849608249637282,0.829414827707693,0.7474914519418214,0.6710571348745453,0.8277918130688152,0.8725556051097167,0.8153715220716502,0.07728200761518532,6,-6.723301954669729,-9.47657405698064,-5.743854468770575,-7.034593398488343,-9.350928682214887,-7.938972228748892,-6.447889256721593,-10.21355960920938,-8.784002174800683,-10.341730916790889,-11.32578652301246,-7.0622586448952465,-8.439506202182512,-8.375612162883527,1.6494218844957407,7
1,0.5639124100024884,0.0025759247551150398,0.0010839608999399038,0.00034193750872322495,"(50, 50)","{'mlp__hidden_layer_sizes': (50, 50)}",0.8977095756124771,0.7800059145166918,0.8706100722263544,0.8347277108804703,0.8095369216790932,0.7703249178489102,0.9416703365368707,0.6797551241029223,0.8827080010438312,0.7157628779866949,0.6831875070000464,0.7834937032457465,0.9063736322027017,0.8119897149909853,0.08271372238680465,9,-6.455357922947855,-9.83051381521371,-7.109696176341084,-7.593431123544977,-8.34290394918301,-9.188221562244808,-5.471047137000181,-10.297598193303743,-7.283766070769297,-10.972247359764438,-11.114995354373793,-7.918665311683734,-7.2336210681053545,-8.370158849575075,1.7043342433273843,6
2,0.7568156902606671,0.022646168123286563,0.0008415809044471154,0.00048066597266661334,"(50, 50, 50)","{'mlp__hidden_layer_sizes': (50, 50, 50)}",0.8868555064257995,0.8341995876438184,0.9225641148050114,0.8401582610841385,0.6845359975553118,0.8646488428423993,0.9045095938435285,0.6726720523031487,0.8633069014865312,0.6925076072342122,0.7342326477271575,0.8440004787695025,0.8714944437593668,0.8165912334984559,0.08473984274094885,5,-6.78921478533577,-8.534213797405327,-5.500117158424784,-7.467635895848549,-10.737093835065544,-7.053513557455865,-7.000121715985022,-10.410854835383736,-7.863123365724004,-11.4122789681562,-10.180261899630937,-6.72168806951652,-8.474568994589628,-8.318822067578607,1.7636830399233068,5
3,0.515402262027447,0.003495581403406702,0.0008803147536057692,0.0005050800098503018,"(100,)","{'mlp__hidden_layer_sizes': (100,)}",0.8956223783014214,0.7818339963420847,0.9198478776566145,0.8867948134056545,0.7811744092940316,0.8783443373059833,0.9099956699226787,0.6730783449994129,0.8402291875805373,0.7943616956679066,0.7504988013052738,0.8270883827154871,0.8866106789046768,0.8327292748770587,0.07042778872177516,2,-6.520884912513673,-9.789584367420765,-5.595750215990758,-6.284506782479852,-8.942540150950936,-6.687144122828235,-6.796063420506764,-10.404391641982325,-8.501009806612755,-9.332697693319023,-9.863804461051577,-7.076667786624369,-7.960543949422583,-7.981199177823355,1.5268526620444602,2
4,0.7609676581162673,0.006856659037026093,0.0011449960561899038,0.00013223078237392555,"(100, 50)","{'mlp__hidden_layer_sizes': (100, 50)}",0.8945307464789828,0.7887766200463072,0.872349995804953,0.8183421324527005,0.815006014978352,0.7862968604579599,0.9361123283123229,0.7128307842230471,0.8632824864039518,0.7145586599772067,0.6569473815516165,0.8021467645450384,0.900551862402514,0.8124409721257655,0.07895621879791559,8,-6.554895508489186,-9.632559698546288,-7.061731869651181,-7.960954517512449,-8.22224943964942,-8.862984099349847,-5.725774653527127,-9.751328525717776,-7.863825560043654,-10.995465672352237,-11.56614161068007,-7.569867886789227,-7.455126105357196,-8.401761934435818,1.635215804992398,8
5,0.9345072416158823,0.015312755524075504,0.0009882450103759766,0.00036413342503515214,"(100, 100)","{'mlp__hidden_layer_sizes': (100, 100)}",0.8725775579578228,0.7746123763846406,0.9167320596772212,0.8780305154058268,0.79584832620293,0.8428716204339212,0.9350144728048289,0.6834751517102564,0.8538763816433672,0.7524976185024751,0.6937930646137944,0.8187085964917803,0.8972548225765554,0.8242532741850324,0.07740503748649467,3,-7.2048641905880215,-9.950290211936286,-5.70347730858584,-6.523244115102175,-8.637505093666432,-7.599794250687863,-5.774761394086382,-10.237614022204358,-8.129840108418293,-10.238701514181729,-10.92736997493219,-7.246116753064924,-7.577699694200308,-8.134713740896522,1.6761855076733685,3
6,0.31012287506690395,0.36873794877175076,0.0010431546431321364,0.0003136167309261103,"(100, 100, 50)","{'mlp__hidden_layer_sizes': (100, 100, 50)}",-0.06614256344928537,-0.16598613628695236,-0.03954698523051259,0.0035338439699686974,-0.07940058754531654,-0.020922425030435843,-0.00420074022733008,0.6639410818226297,-0.008867042386622614,0.7904310581805796,0.0020988630154457066,-0.02407322699759451,-0.12275062945868687,0.07139342387506822,0.28491976573777966,14,-20.84061246452045,-22.63171204191438,-20.152218740449317,-18.64529732977614,-19.861094100686415,-19.371840768983922,-22.700529622320985,-10.548787885148696,-21.361845159661303,-9.421469608267836,-19.726584391188542,-17.22194618689393,-25.049457255974247,-19.041030427368163,4.311141806825497,14
7,1.3435403750492976,0.04029878844850769,0.0010139575371375452,0.0003194413238098344,"(100, 100, 100)","{'mlp__hidden_layer_sizes': (100, 100, 100)}",0.8843258082087218,0.7693693002294342,0.9207550451826172,0.8008362922825717,0.6633736690484364,0.8126620084672076,0.9122806587070916,0.6290581378686114,0.821435030639862,0.7492542196766879,0.7256855029154949,0.797929804218815,0.8674206374091542,0.7964912396042081,0.08603833154619604,13,-6.8646922747786,-10.065359099168504,-5.563993551115091,-8.33572038569291,-11.091387685562951,-8.298267850367578,-6.70924115134661,-11.082755979537202,-8.98710730600172,-10.305569770180188,-10.342666380184502,-7.650113047322477,-8.6078488076554,-8.761901791454902,1.6902467959560903,13
8,0.6530270209679236,0.0060864167362017045,0.0012027116922231822,0.00019977528199244295,"(150,)","{'mlp__hidden_layer_sizes': (150,)}",0.8981987777308942,0.8021312266754067,0.9247222302261532,0.8931490151744531,0.77013526481153,0.8774929461650989,0.9147474301546531,0.6740496466646666,0.8548780495383071,0.799505700013883,0.7399664724219457,0.8366433139460264,0.8853336776938755,0.8362272116320687,0.07231689665295521,1,-6.439903106012777,-9.323078608808752,-5.422932251697272,-6.105585277918637,-9.165328142602407,-6.710502874725841,-6.614232558485261,-10.388924143631629,-8.101927428809544,-9.215230578577076,-10.06984555879726,-6.878364383559827,-8.005244643691977,-7.880084581332174,1.5666038742488768,1
9,0.9260612451113187,0.041832810153413315,0.0008859817798321063,0.0006664851037388639,"(150, 50)","{'mlp__hidden_layer_sizes': (150, 50)}",0.9023051204000162,0.7882129625448606,0.8810899783515782,0.8296815622230114,0.8249409361284101,0.8179032571805642,0.9345387016253646,0.691469152482739,0.8643614193736181,0.7262808440320803,0.6680697123276087,0.8194547584477769,0.9105828223191005,0.8199147098028253,0.08005663729112987,4,-6.308683471435794,-9.645403558861268,-6.81569324729513,-7.708482118526045,-7.9984188862076095,-8.18136197056367,-5.795861897582665,-10.107509151137116,-7.832734640629105,-10.767324141688592,-11.377100047715105,-7.231189538240765,-7.069149166502079,-8.218377833568072,1.6714030636122277,4
10,1.0930059506342962,0.003684011270834052,0.001331769503079928,0.0004023653050972314,"(150, 100)","{'mlp__hidden_layer_sizes': (150, 100)}",0.8789719596340164,0.7491608803982273,0.9153756043422586,0.8699236355267999,0.7844678332759392,0.8066203395407847,0.9129576635739451,0.6701447512455034,0.8482608784677859,0.7536594071670374,0.6585322863169067,0.8089142463371093,0.8809404847197796,0.8106099977343149,0.08161164791944653,10,-7.021757674636775,-10.497076186189501,-5.749745168805555,-6.736545259805658,-8.874990389488195,-8.431016040811052,-6.6833005388547395,-10.450968690914264,-8.284581565532699,-10.214642757005768,-11.5393928648396,-7.439279512057239,-8.157155135320513,-8.467727060327812,1.6996082046362901,10
11,1.24888407267057,0.040030958579788084,0.0010984127338115985,0.00016505093228685085,"(150, 150)","{'mlp__hidden_layer_sizes': (150, 150)}",0.8927866196397016,0.7602676640254482,0.9274325496810795,0.883302596306192,0.7384899637199369,0.8382664147285763,0.9022293944696105,0.6767786800416056,0.8186610430096124,0.7714771699371004,0.6750349560621213,0.8067216271982716,0.8802395000445291,0.813206782989522,0.08097611048843818,7,-6.608871861831517,-10.262047580619626,-5.324413047789423,-6.380704522284018,-9.775883659415065,-7.710359467201596,-7.083206018534674,-10.34534187076959,-9.056645154661247,-9.838298340893067,-11.257098327285993,-7.481838889602611,-8.181133264718227,-8.408141692738972,1.7464704711764272,9
12,0.3024881986471323,0.34825572072185396,0.001304314686701848,0.00037079828678793166,"(150, 150, 50)","{'mlp__hidden_layer_sizes': (150, 150, 50)}",-0.04779270686421522,-0.20356817560500384,-0.08869482617133384,-0.006868521823652163,0.6598421435091232,-0.06834906983808531,-0.0033454439848006334,-0.030186111775499125,-0.009977684899832306,0.00012983799569310506,6.558700608261248e-05,-0.033202892702872466,-0.12527614410263088,0.0032904608263825473,0.1979469827556632,15,-20.66048548707175,-22.99355188264236,-20.623097091845253,-18.74236617649532,-11.149415414554593,-19.816689608845262,-22.690860333679062,-18.469395976699047,-21.373600349536286,-20.579129280685265,-19.746671140638064,-17.298543119119813,-25.077614548256797,-19.940109262312987,3.218183532279428,15
13,1.6973726749420166,0.03153037646339064,0.0015185979696420522,0.0006289812171523642,"(150, 150, 100)","{'mlp__hidden_layer_sizes': (150, 150, 100)}",0.8990749602317251,0.8043961365708886,0.9262292738957123,0.8332653323222536,0.6883563074351404,0.7755310918615945,0.912656152856915,0.6478737117588824,0.7971019355549487,0.7539048474911052,0.690015857955165,0.8015077621960257,0.8707533241745271,0.8000512841772989,0.08548971552692095,12,-6.412129746115759,-9.269566609455918,-5.368374885348795,-7.626951609877445,-10.671882005088639,-9.08348735498297,-6.694865857490354,-10.798018608220609,-9.57989496471932,-10.20955283254042,-10.99456052894584,-7.582082152640957,-8.49897120629145,-8.676179873978345,1.7512257467912198,12
14,1.8141102607433612,0.005337081423732926,0.0017510377443753756,0.0005797797806658934,"(150, 150, 150)","{'mlp__hidden_layer_sizes': (150, 150, 150)}",0.899843892463694,0.7496916998767136,0.921863091225851,0.8354601559378192,0.6936200291224699,0.8485782875143385,0.8939976998189324,0.6489102494286987,0.7897407801475564,0.7686419140512093,0.7422697835210066,0.8274025918354333,0.8587608702284822,0.8060600803978618,0.07946730028485816,11,-6.387656531337805,-10.485963478772812,-5.524957222485089,-7.576586355108326,-10.581373133450036,-7.460511354013844,-7.375362415314678,-10.782114084311349,-9.752126356831713,-9.899141509560819,-10.025148289152384,-7.070235122779478,-8.884524379179476,-8.600438479407524,1.707620072369995,11
