,0
0,35.56668831342085
1,46.42328955420623
2,60.29248956592177
3,73.55411676292512
4,88.69181785567638
5,34.270073698691824
6,39.51051000071389
7,53.966805632917314
8,68.65631469708377
9,79.69267082060064
10,82.14624018457614
11,92.11438538684548
12,35.33715621574776
13,47.14467340602229
14,63.68707731467718
15,89.93491283131131
16,94.90943452228768
17,91.43948871199387
18,40.53902804054966
19,44.862392656814436
20,65.97677885822328
21,92.80027981710316
22,96.19563206700447
23,98.0710690077436
24,36.29672758258183
25,47.6462593945021
26,59.52484845242362
27,79.33887117423872
28,77.44705417256982
29,91.54889515842687
30,90.03003283265367
31,36.57927319097049
32,62.10358173095852
33,62.24239669348338
34,73.72029105581511
35,85.71512850860607
36,83.48482380744126
37,42.041852901651886
38,64.79021807538184
39,78.98264508407384
40,79.79703657650118
41,89.16149920694926
42,37.32520891560533
43,44.86052335926135
44,60.72778846292918
45,68.2726300365821
46,73.54131775793758
47,94.884054991702
48,52.49715252775844
49,57.34929754140024
50,57.574382418214206
51,85.12327330990406
52,84.63376871983098
53,90.13561401670924
54,44.85840683173418
55,50.52634258209897
56,72.77717750282297
57,67.12969732479198
58,87.79235804082457
59,95.58119734121796
60,33.01469299053499
61,41.557201930543705
62,50.20970991556026
63,57.94834480541301
64,69.29989887485522
65,92.3066886904955
66,91.77709160826896
67,36.85341103705188
68,39.36251589813959
69,60.1802549709527
70,71.31016951104803
71,84.45167771315043
72,74.36316232925499
73,77.04257246636274
74,38.697374297564885
75,49.223137606858714
76,50.805426226797756
77,74.70327918909231
78,85.23894192917545
79,91.53074253112187
80,98.40081629196779
