CitroenC4Picasso,33.41481071,38.3244794,41.03120813,43.05575844,42.57354283,54.81803561,57.21641516,56.69301644,71.11900382,65.74771201,62.57671627,79.91385479,88.28681288,89.58098064,91.29345856,89.42045427,91.27735769,88.26485325,,,,,,,,,,
,35,38,44,48,51,57,59,63,68,72,74,78,83,85,87,92,94,101,,,,,,,,,,
KiaSportage,31.61045238,32.01003837,35.28668811,34.11938196,36.45199478,42.79968542,45.81168969,47.68752535,55.11947822,54.77895285,63.9037612,57.53978675,61.92176363,64.13947398,62.11987444,75.32323602,74.86311901,76.8183999,77.27839521,88.40724282,85.42361237,86.94668089,91.28627943,91.35931975,96.28884181,96.10837026,,
,31,33,38,41,44,48,51,53,55,61,63,65,68,69,74,77,78,80,85,86,89,93,96,98,103,105,,
Mazda3,32.86774986,35.56704096,36.16099241,37.94872315,40.81111308,46.76105656,49.65031046,48.10645973,48.06631059,54.15018029,57.47153249,64.2863105,66.42799855,76.0548564,74.24200241,72.68305848,77.78075789,87.37051203,93.96805523,89.18029203,89.85551379,95.49754467,90.88338503,84.67237261,92.59209549,94.01127888,,
,30,35,38,40,43,47,50,52,55,57,60,62,67,70,72,75,81,84,86,88,92,94,96,99,103,105,,
MercedesAMG550,38.75171231,36.32091698,48.84886003,44.09514415,51.03201799,55.24581221,52.76484522,59.08135347,58.42565503,71.48304242,70.17700476,82.13485916,65.14090485,85.9134459,65.74612283,85.48095873,90.82806598,87.46013798,77.85195457,87.9150056,87.70246556,94.33123574,100.2653287,102.7026135,,,,
,33,35,38,40,45,47,50,52,55,60,62,65,67,70,73,78,80,82,87,90,93,98,100,105,,,,
MercedesGLA,39.51365859,43.51116175,46.84585043,50.16450377,50.48762844,54.0953395,55.99885603,53.94157573,53.84135866,64.43654018,79.74163592,68.61302071,69.52040158,79.47048954,79.56840968,84.91797951,76.01887366,85.38372637,81.5096398,88.24653693,84.4355113,88.91938141,96.55616137,90.58312724,92.15957411,90.06909033,89.69812692,
,33,36,39,41,45,47,48,49,52,55,59,61,63,68,70,72,78,81,83,85,88,90,92,93,100,101,104,
NissanQashqai,39.22410851,39.84549096,43.2701232,44.96538385,46.6369552,49.2826195,52.45720184,56.66723492,61.44907169,60.42791114,65.01899766,68.01738252,71.06528484,68.18807456,81.37566321,78.96621229,76.80095216,82.39643465,91.02538239,83.74385104,100.4391247,100.8877896,97.89374524,,,,,
,35,38,42,45,48,50,53,55,60,64,65,68,70,73,75,80,82,85,90,93,96,98,102,,,,,
OpelInsignia,37.04652825,44.28898669,46.25251564,59.14013217,57.82968459,57.33298652,63.99068597,59.79488526,66.32887789,78.52895203,82.66073822,84.78588562,76.48249802,85.03412297,82.44786789,93.52981443,90.18504868,88.10101456,88.83830499,91.05787291,93.41316593,101.8258365,,,,,,
,31,38,41,44,47,50,53,55,61,64,68,70,73,76,78,80,83,86,89,94,97,100,,,,,,
Peugeot208,33.81184483,35.59209263,37.24027856,40.90768928,38.5577271,43.35109287,42.21861173,47.44152817,47.82812891,51.80399642,59.06209609,64.61376914,62.74576136,66.34675107,66.22808091,74.16642436,72.60596993,81.54330794,86.85520086,96.29555973,104.1491618,84.64924312,91.83204973,,,,,
,30,32,34,37,43,45,47,51,54,57,60,64,67,71,73,76,77,82,84,90,92,95,96,,,,,
Peugeot3008,39.41785845,50.41458104,41.55442805,55.86068462,61.45082698,51.82869175,61.57261165,70.82836646,72.68153803,71.01103996,90.66035129,83.36461655,65.69901446,73.1433521,87.39584743,65.52464843,82.60549213,91.24015883,88.58121726,96.56195016,97.35012123,92.32133391,98.33895507,96.7227085,97.16111729,,,
,40,43,45,50,54,55,56,58,60,61,63,67,70,72,74,75,78,83,85,87,89,90,92,97,100,,,
Peugeot307,36.7352901,39.51432319,38.56939215,49.20251232,50.95147202,49.8583036,57.77944756,53.55016473,58.71636885,58.50988471,62.65531107,69.24342907,65.52874433,69.46026812,72.64299223,74.12476386,84.66407487,80.97530805,93.68086397,83.69515647,86.72751537,83.75121896,82.98252162,,,,,
,30,33,35,38,43,45,47,50,53,56,59,63,66,69,72,73,79,82,88,91,94,97,103,,,,,
RenaultCaptur,33.78857314,34.82745839,34.76580163,36.42675475,40.32943748,44.96249425,44.04221622,42.06460932,35.59632108,48.30675536,52.77235109,57.88198964,51.4243356,58.03667928,61.03014833,74.97601671,76.5941374,79.27333153,79.63140549,84.71841949,96.50035181,88.23424182,96.36173027,86.10700357,92.46091185,85.12801634,,
,33,36,38,40,41,44,47,48,50,52,56,60,63,66,68,72,76,80,83,86,88,90,92,94,98,102,,
RenaultScenic,40.46596303,34.90377107,44.74582725,37.14798992,55.17479236,51.74604595,49.11765078,39.84101094,46.64393901,51.23551962,58.95617421,58.98370171,66.92442744,54.03270213,62.98181061,54.027477,74.74566253,55.00294704,68.49647512,56.35583033,79.72369277,73.21320138,74.3721998,78.40963474,84.12243907,84.05557378,81.05567062,82.86742087
,35,36,38,40,42,44,48,50,52,57,60,62,64,68,70,71,72,74,77,80,82,84,87,90,91,94,95,101
VWPassat,31.89882891,42.59699394,40.28159018,42.73669378,43.97636878,44.65758285,51.45455307,50.90053432,51.75873195,56.38321098,66.76151884,64.77031943,70.34444075,57.97423149,82.19703424,68.88954031,80.73177831,75.16032659,71.0994929,85.68352519,90.10441317,88.21942334,68.29164313,80.12701095,83.60611694,89.87594584,93.13772045,93.72607318
,30,39,40,42,45,49,50,52,54,55,57,61,64,65,67,70,72,73,75,78,81,82,85,90,91,94,96,98
