,mean_fit_time,std_fit_time,mean_score_time,std_score_time,param_activation,param_learning_rate,param_solver,params,split0_test_r2,split1_test_r2,split2_test_r2,split3_test_r2,split4_test_r2,split5_test_r2,split6_test_r2,split7_test_r2,split8_test_r2,split9_test_r2,split10_test_r2,split11_test_r2,split12_test_r2,mean_test_r2,std_test_r2,rank_test_r2,split0_test_neg_root_mean_squared_error,split1_test_neg_root_mean_squared_error,split2_test_neg_root_mean_squared_error,split3_test_neg_root_mean_squared_error,split4_test_neg_root_mean_squared_error,split5_test_neg_root_mean_squared_error,split6_test_neg_root_mean_squared_error,split7_test_neg_root_mean_squared_error,split8_test_neg_root_mean_squared_error,split9_test_neg_root_mean_squared_error,split10_test_neg_root_mean_squared_error,split11_test_neg_root_mean_squared_error,split12_test_neg_root_mean_squared_error,mean_test_neg_root_mean_squared_error,std_test_neg_root_mean_squared_error,rank_test_neg_root_mean_squared_error
0,1.8083783296438365,0.912095173594439,0.0013428467970628005,0.00041122031002950685,identity,constant,lbfgs,"{'activation': 'identity', 'learning_rate': 'constant', 'solver': 'lbfgs'}",-19.35234341119035,-117.44680283191073,-450.5460567693612,-76.48132762076666,-132.64883467613626,-61.68143804663157,-100.63753365863582,-36.649259374766416,-131.9709666301384,-110.5589892665765,-271.47260223613335,-70.96521803590103,-94.35346420928067,-128.8280643667253,110.03486442760472,20,-97.50939005359373,-240.8922437353993,-371.04079440781976,-175.20271005093505,-249.9089352951673,-165.14622066085093,-210.99108924900713,-121.82146080384157,-220.04916150227254,-227.05955339015617,-343.6456758569247,-177.69867306324852,-186.12651336781894,-214.3917247259258,74.29165194922282,20
1,0.5741337996262771,0.01512297389927921,0.0,0.0,identity,constant,sgd,"{'activation': 'identity', 'learning_rate': 'constant', 'solver': 'sgd'}",,,,,,,,,,,,,,,,26,,,,,,,,,,,,,,,,26
2,0.6478230403019831,0.016735379001875147,0.0007615456214317909,0.00048095505801810104,identity,constant,adam,"{'activation': 'identity', 'learning_rate': 'constant', 'solver': 'adam'}",-273.6364546197943,-4343.028094548378,-4034.4749760244144,-3331.132328604315,-3180.9828702848827,-818.2397374199467,-2428.9784553785876,-1464.99184448952,-2626.951964846762,-2529.678393597924,-6559.854524066237,-576.5762389288064,-2006.6891650935365,-2628.8626959925464,1663.9536089925816,23,-358.1940115261704,-1458.8393128377354,-1109.2206941872844,-1148.9560408380487,-1219.4054023574085,-597.0417044756775,-1031.663977977239,-760.1711118644432,-978.2503600876291,-1081.4488233626541,-1686.2799172366217,-503.41658729704676,-854.0597239664277,-983.6113590780297,358.2102111489723,23
3,1.4431876586033747,0.4184121443404416,0.0009794968825120192,0.00014065304705420523,identity,invscaling,lbfgs,"{'activation': 'identity', 'learning_rate': 'invscaling', 'solver': 'lbfgs'}",-19.35234341119035,-117.44680283191073,-450.5460567693612,-76.48132762076666,-132.64883467613626,-61.68143804663157,-100.63753365863582,-36.649259374766416,-131.9709666301384,-110.5589892665765,-271.47260223613335,-70.96521803590103,-94.35346420928067,-128.8280643667253,110.03486442760472,20,-97.50939005359373,-240.8922437353993,-371.04079440781976,-175.20271005093505,-249.9089352951673,-165.14622066085093,-210.99108924900713,-121.82146080384157,-220.04916150227254,-227.05955339015617,-343.6456758569247,-177.69867306324852,-186.12651336781894,-214.3917247259258,74.29165194922282,20
4,0.5716388408954327,0.013971511341402107,0.0009749302497276893,0.0002969545695500462,identity,invscaling,sgd,"{'activation': 'identity', 'learning_rate': 'invscaling', 'solver': 'sgd'}",-4.346807666565234,-83.24713145946554,-40.16396530158594,-33.558862176455165,-50.76165749077892,-9.445683893017902,-31.156243623258106,-14.924198899364361,-34.84635802893535,-68.5948087625675,-96.70110719416996,-8.277749749282945,-24.072133833460164,-38.46897754453131,28.049587055812832,19,-49.97887888065985,-203.1602351011609,-112.02868438163968,-117.00973894001281,-155.5261006185618,-67.41671752077731,-118.67786106509946,-79.22721339427163,-114.25200341032797,-179.33948436833555,-205.77812534141037,-63.80345387500224,-95.4411476192914,-120.12612650127318,49.81150787656723,19
5,0.646952592409574,0.017626305125733165,0.0009578374715951773,0.0002818732770034529,identity,invscaling,adam,"{'activation': 'identity', 'learning_rate': 'invscaling', 'solver': 'adam'}",-273.6364546197943,-4343.028094548378,-4034.4749760244144,-3331.132328604315,-3180.9828702848827,-818.2397374199467,-2428.9784553785876,-1464.99184448952,-2626.951964846762,-2529.678393597924,-6559.854524066237,-576.5762389288064,-2006.6891650935365,-2628.8626959925464,1663.9536089925816,23,-358.1940115261704,-1458.8393128377354,-1109.2206941872844,-1148.9560408380487,-1219.4054023574085,-597.0417044756775,-1031.663977977239,-760.1711118644432,-978.2503600876291,-1081.4488233626541,-1686.2799172366217,-503.41658729704676,-854.0597239664277,-983.6113590780297,358.2102111489723,23
6,1.94834303855896,1.157501890892358,0.0011251522944523739,0.00039747936757142366,identity,adaptive,lbfgs,"{'activation': 'identity', 'learning_rate': 'adaptive', 'solver': 'lbfgs'}",-19.35234341119035,-117.44680283191073,-450.5460567693612,-76.48132762076666,-132.64883467613626,-61.68143804663157,-100.63753365863582,-36.649259374766416,-131.9709666301384,-110.5589892665765,-271.47260223613335,-70.96521803590103,-94.35346420928067,-128.8280643667253,110.03486442760472,20,-97.50939005359373,-240.8922437353993,-371.04079440781976,-175.20271005093505,-249.9089352951673,-165.14622066085093,-210.99108924900713,-121.82146080384157,-220.04916150227254,-227.05955339015617,-343.6456758569247,-177.69867306324852,-186.12651336781894,-214.3917247259258,74.29165194922282,20
7,0.7573915078089788,0.028778275683308627,0.0,0.0,identity,adaptive,sgd,"{'activation': 'identity', 'learning_rate': 'adaptive', 'solver': 'sgd'}",,,,,,,,,,,,,,,,26,,,,,,,,,,,,,,,,26
8,0.8295516967773438,0.031754181784301234,0.0012596020331749548,0.0005137655218499394,identity,adaptive,adam,"{'activation': 'identity', 'learning_rate': 'adaptive', 'solver': 'adam'}",-273.6364546197943,-4343.028094548378,-4034.4749760244144,-3331.132328604315,-3180.9828702848827,-818.2397374199467,-2428.9784553785876,-1464.99184448952,-2626.951964846762,-2529.678393597924,-6559.854524066237,-576.5762389288064,-2006.6891650935365,-2628.8626959925464,1663.9536089925816,23,-358.1940115261704,-1458.8393128377354,-1109.2206941872844,-1148.9560408380487,-1219.4054023574085,-597.0417044756775,-1031.663977977239,-760.1711118644432,-978.2503600876291,-1081.4488233626541,-1686.2799172366217,-503.41658729704676,-854.0597239664277,-983.6113590780297,358.2102111489723,23
9,2.8764433677379904,0.4238380575677028,0.0013722639817457933,0.0005199683415652737,logistic,constant,lbfgs,"{'activation': 'logistic', 'learning_rate': 'constant', 'solver': 'lbfgs'}",-1.3411757364415346,-2.438585891321106,-0.8039033988979634,-1.5719107694481678,-1.1758529636974187,-0.7891970506900312,-0.463231590988441,-0.7260823871513702,-3.04362527553298,-0.9285628696557495,-1.357510845949859,-1.4602268066140565,-2.2413385577024223,-1.410861857237777,0.7262937526096737,4,-33.07167839938446,-41.044132785342434,-23.45185889896951,-31.92054085012112,-31.887022488064456,-27.901544882718998,-25.31591272012402,-26.084129329832127,-38.373088595779855,-29.85412826651204,-31.965118109325488,-32.85567811841319,-34.316437961615996,-31.387790108169515,4.795465865564545,4
10,1.2133280313931978,0.14424203221871104,0.001461487550001878,0.0005155446143883382,logistic,constant,sgd,"{'activation': 'logistic', 'learning_rate': 'constant', 'solver': 'sgd'}",-1.2611894421536354,-1.0926736930490888,-0.48636522916586067,-1.436342843557835,-0.7647543576019689,-0.7421122701271721,-1.4954693587303978,-1.4402011836823538,-0.33589054528146267,-0.6862824582895883,-0.6814181904383787,-1.3019658387213955,-1.1154667262399949,-0.9877024720799331,0.37577018758135927,2,-32.50182168612064,-32.01930513902991,-21.28792849235129,-31.067871055981932,-28.71714939742857,-27.531966561772514,-33.06078612380405,-31.014044168326915,-22.05599949577897,-27.915965631872584,-26.995248802667067,-31.78134693455193,-27.72318375200478,-28.74404748013009,3.6145047555075673,2
11,0.9903242037846491,0.052802811007695793,0.0010830989250769983,0.0001367665399797813,logistic,constant,adam,"{'activation': 'logistic', 'learning_rate': 'constant', 'solver': 'adam'}",-3.1124436313962383,-3.25833940297019,-4.359679064815726,-3.6860245690267446,-3.479521488995351,-3.0775299578187862,-3.1422391716052553,-3.443820500077651,-3.564003273995602,-4.199800789019014,-3.706529937321954,-3.376469988656062,-6.175046123749587,-3.737034453803705,0.797568253977677,10,-43.831790121732595,-45.67528669971703,-40.42406901212781,-43.08683299927471,-45.75251880882378,-42.12090985972872,-42.59460948480572,-41.85273449507584,-40.76751866729189,-49.02085103747847,-45.164777649565686,-43.82125784226276,-51.05665433385156,-44.24383161628743,2.983470059587284,10
12,1.6551252695230336,0.2301409516724516,0.0014271185948298527,0.0005411913993078012,logistic,invscaling,lbfgs,"{'activation': 'logistic', 'learning_rate': 'invscaling', 'solver': 'lbfgs'}",-1.3411757364415346,-2.438585891321106,-0.8039033988979634,-1.5719107694481678,-1.1758529636974187,-0.7891970506900312,-0.463231590988441,-0.7260823871513702,-3.04362527553298,-0.9285628696557495,-1.357510845949859,-1.4602268066140565,-2.2413385577024223,-1.410861857237777,0.7262937526096737,4,-33.07167839938446,-41.044132785342434,-23.45185889896951,-31.92054085012112,-31.887022488064456,-27.901544882718998,-25.31591272012402,-26.084129329832127,-38.373088595779855,-29.85412826651204,-31.965118109325488,-32.85567811841319,-34.316437961615996,-31.387790108169515,4.795465865564545,4
13,0.9201007072742169,0.03607596503178536,0.0011124977698692908,0.00042418154035317934,logistic,invscaling,sgd,"{'activation': 'logistic', 'learning_rate': 'invscaling', 'solver': 'sgd'}",-0.4033947903858468,-0.3181222563248498,-0.5283548206773059,-0.45353018629622976,-0.48495468771038297,-0.4947709186898537,-0.48145192601327547,-0.37850118592348236,-0.3490675891031383,-0.7882437655897154,-0.7099679385353941,-0.5061259438191792,-1.2374855634679975,-0.5487670440412808,0.23594203613142792,1,-25.60525815704979,-25.412008507378687,-21.58652472461897,-23.996854623645575,-26.342427709992773,-25.50271887610919,-25.4730434693975,-23.310369426987677,-22.16451126536074,-28.74755103692083,-27.223467895193387,-25.707124851988187,-28.51150385815696,-25.3525664925231,2.0860406254058157,1
14,0.9525240568014292,0.023078490848593317,0.0009531607994666466,0.000712873605370868,logistic,invscaling,adam,"{'activation': 'logistic', 'learning_rate': 'invscaling', 'solver': 'adam'}",-3.1124436313962383,-3.25833940297019,-4.359679064815726,-3.6860245690267446,-3.479521488995351,-3.0775299578187862,-3.1422391716052553,-3.443820500077651,-3.564003273995602,-4.199800789019014,-3.706529937321954,-3.376469988656062,-6.175046123749587,-3.737034453803705,0.797568253977677,10,-43.831790121732595,-45.67528669971703,-40.42406901212781,-43.08683299927471,-45.75251880882378,-42.12090985972872,-42.59460948480572,-41.85273449507584,-40.76751866729189,-49.02085103747847,-45.164777649565686,-43.82125784226276,-51.05665433385156,-44.24383161628743,2.983470059587284,10
15,1.7272832026848426,0.27093540193552973,0.0011237217829777645,0.00042317480969766196,logistic,adaptive,lbfgs,"{'activation': 'logistic', 'learning_rate': 'adaptive', 'solver': 'lbfgs'}",-1.3411757364415346,-2.438585891321106,-0.8039033988979634,-1.5719107694481678,-1.1758529636974187,-0.7891970506900312,-0.463231590988441,-0.7260823871513702,-3.04362527553298,-0.9285628696557495,-1.357510845949859,-1.4602268066140565,-2.2413385577024223,-1.410861857237777,0.7262937526096737,4,-33.07167839938446,-41.044132785342434,-23.45185889896951,-31.92054085012112,-31.887022488064456,-27.901544882718998,-25.31591272012402,-26.084129329832127,-38.373088595779855,-29.85412826651204,-31.965118109325488,-32.85567811841319,-34.316437961615996,-31.387790108169515,4.795465865564545,4
16,0.8965409719027005,0.008193174541300302,0.0011305992419903094,0.00044997538253664947,logistic,adaptive,sgd,"{'activation': 'logistic', 'learning_rate': 'adaptive', 'solver': 'sgd'}",-1.2611894421536354,-1.0926736930490888,-0.48636522916586067,-1.436342843557835,-0.7647543576019689,-0.7421122701271721,-1.4954693587303978,-1.4402011836823538,-0.33589054528146267,-0.6862824582895883,-0.6814181904383787,-1.3019658387213955,-1.1154667262399949,-0.9877024720799331,0.37577018758135927,2,-32.50182168612064,-32.01930513902991,-21.28792849235129,-31.067871055981932,-28.71714939742857,-27.531966561772514,-33.06078612380405,-31.014044168326915,-22.05599949577897,-27.915965631872584,-26.995248802667067,-31.78134693455193,-27.72318375200478,-28.74404748013009,3.6145047555075673,2
17,0.9669090601114126,0.03318083933272376,0.0012279473818265474,0.00025750854598496545,logistic,adaptive,adam,"{'activation': 'logistic', 'learning_rate': 'adaptive', 'solver': 'adam'}",-3.1124436313962383,-3.25833940297019,-4.359679064815726,-3.6860245690267446,-3.479521488995351,-3.0775299578187862,-3.1422391716052553,-3.443820500077651,-3.564003273995602,-4.199800789019014,-3.706529937321954,-3.376469988656062,-6.175046123749587,-3.737034453803705,0.797568253977677,10,-43.831790121732595,-45.67528669971703,-40.42406901212781,-43.08683299927471,-45.75251880882378,-42.12090985972872,-42.59460948480572,-41.85273449507584,-40.76751866729189,-49.02085103747847,-45.164777649565686,-43.82125784226276,-51.05665433385156,-44.24383161628743,2.983470059587284,10
18,1.397449016571045,0.06397080981621196,0.0010792108682485728,0.00047338059674727667,tanh,constant,lbfgs,"{'activation': 'tanh', 'learning_rate': 'constant', 'solver': 'lbfgs'}",-1.649196195305886,-0.8970476270321033,-2.7538218088500606,-2.231833632437649,-2.4706054363849335,-1.2785791695139563,-1.3116843804498761,-0.6430799554520341,-2.0943044593638365,-1.6282249430710314,-4.181987819051852,-1.090551591490859,-1.934319220877386,-1.858864326098574,0.898679797046144,7,-35.180036859138774,-30.485987181759324,-33.830425541975444,-35.782179570663196,-40.271871962242585,-31.486995712541862,-31.820084202230607,-25.449246781652228,-33.56779596063639,-34.85128215896285,-47.39119475868131,-30.286794225854567,-32.6507892224115,-34.081129549134666,5.085597718793599,7
19,0.6550539823678824,0.05990206850911899,0.0009041932912973257,0.00043758557683055835,tanh,constant,sgd,"{'activation': 'tanh', 'learning_rate': 'constant', 'solver': 'sgd'}",-2.6657186706379714,-2.4482183326034086,-6.145019877374653,-3.672901989642572,-5.291933515412873,-4.09725051213931,-3.4398497129540084,-3.65982363631883,-2.444781656443809,-6.955740845419365,-7.251612039268947,-3.73138740016258,-7.168381623722434,-4.536355370161597,1.7343488297442606,14,-41.38269732553871,-41.10158063214831,-46.67371336505226,-43.02646127349739,-54.22396342394412,-47.09417059911176,-44.098233233020295,-42.85784445287519,-35.41784679603696,-60.63561792434867,-59.802434515156264,-45.563504105218094,-54.47635156353407,-47.411878400729385,7.336661334713628,14
20,0.7083257528451773,0.009623823369414917,0.0011987502758319562,0.0005023064508773158,tanh,constant,adam,"{'activation': 'tanh', 'learning_rate': 'constant', 'solver': 'adam'}",-4.280186317690545,-6.556499150792311,-6.624133161150744,-7.323976362334779,-6.482744284038294,-2.956507275881554,-6.063973465632209,-5.135375115100442,-5.628184171929545,-9.869466195082401,-5.4757957721308586,-4.531521900170378,-10.914845396771,-6.295631428361928,2.0795567297933224,16,-49.66653387306223,-60.84451931677336,-48.21319036565628,-57.425886984559455,-59.13296396469657,-41.49111902186903,-55.62391911711101,-49.177465748668936,-49.129075159013155,-70.87476011134275,-52.9780581524015,-49.265759237236104,-65.79368479219785,-54.5859181418914,7.7763574202665735,16
21,1.371678664134099,0.047056768219795486,0.0014900427598219651,0.0008319245136760027,tanh,invscaling,lbfgs,"{'activation': 'tanh', 'learning_rate': 'invscaling', 'solver': 'lbfgs'}",-1.649196195305886,-0.8970476270321033,-2.7538218088500606,-2.231833632437649,-2.4706054363849335,-1.2785791695139563,-1.3116843804498761,-0.6430799554520341,-2.0943044593638365,-1.6282249430710314,-4.181987819051852,-1.090551591490859,-1.934319220877386,-1.858864326098574,0.898679797046144,7,-35.180036859138774,-30.485987181759324,-33.830425541975444,-35.782179570663196,-40.271871962242585,-31.486995712541862,-31.820084202230607,-25.449246781652228,-33.56779596063639,-34.85128215896285,-47.39119475868131,-30.286794225854567,-32.6507892224115,-34.081129549134666,5.085597718793599,7
22,0.6500826432154729,0.03696842275187242,0.0012907615074744592,0.000610285390923914,tanh,invscaling,sgd,"{'activation': 'tanh', 'learning_rate': 'invscaling', 'solver': 'sgd'}",-3.4885379442915943,-5.476612726320919,-6.215031444890562,-5.410046804852313,-5.7748952351788265,-3.1913022269674176,-5.599047002811754,-4.5349647302289835,-5.1478927035947635,-8.422400844805132,-4.815914774589734,-3.9470102016282844,-9.21732459201099,-5.480075479397789,1.6703325726376612,15,-45.7922179639482,-56.329398006644816,-46.901825680061066,-50.393310917841156,-56.26657602844021,-42.704501113865476,-53.76227847879541,-46.70926282641771,-47.31561014281959,-65.9885038579303,-50.20633050178968,-46.59016676931364,-60.92683237038729,-51.52975497371189,6.495439272602773,15
23,0.7094616889953613,0.00938280147518356,0.0009849071502685547,0.0001407322862480132,tanh,invscaling,adam,"{'activation': 'tanh', 'learning_rate': 'invscaling', 'solver': 'adam'}",-4.280186317690545,-6.556499150792311,-6.624133161150744,-7.323976362334779,-6.482744284038294,-2.956507275881554,-6.063973465632209,-5.135375115100442,-5.628184171929545,-9.869466195082401,-5.4757957721308586,-4.531521900170378,-10.914845396771,-6.295631428361928,2.0795567297933224,16,-49.66653387306223,-60.84451931677336,-48.21319036565628,-57.425886984559455,-59.13296396469657,-41.49111902186903,-55.62391911711101,-49.177465748668936,-49.129075159013155,-70.87476011134275,-52.9780581524015,-49.265759237236104,-65.79368479219785,-54.5859181418914,7.7763574202665735,16
24,1.5000523237081675,0.4075749696811649,0.0013961058396559495,0.0008357074175962347,tanh,adaptive,lbfgs,"{'activation': 'tanh', 'learning_rate': 'adaptive', 'solver': 'lbfgs'}",-1.649196195305886,-0.8970476270321033,-2.7538218088500606,-2.231833632437649,-2.4706054363849335,-1.2785791695139563,-1.3116843804498761,-0.6430799554520341,-2.0943044593638365,-1.6282249430710314,-4.181987819051852,-1.090551591490859,-1.934319220877386,-1.858864326098574,0.898679797046144,7,-35.180036859138774,-30.485987181759324,-33.830425541975444,-35.782179570663196,-40.271871962242585,-31.486995712541862,-31.820084202230607,-25.449246781652228,-33.56779596063639,-34.85128215896285,-47.39119475868131,-30.286794225854567,-32.6507892224115,-34.081129549134666,5.085597718793599,7
25,0.6971457921541654,0.1557684884331301,0.0013146217052753156,0.0007118187050484343,tanh,adaptive,sgd,"{'activation': 'tanh', 'learning_rate': 'adaptive', 'solver': 'sgd'}",-2.6657186706379714,-2.4482183326034086,-6.145019877374653,-3.672901989642572,-5.291933515412873,-4.09725051213931,-3.501474168444756,-3.65982363631883,-2.444781656443809,-6.859004130919911,-7.251612039268947,-3.73138740016258,-7.168381623722434,-4.533654427160927,1.721211268916592,13,-41.38269732553871,-41.10158063214831,-46.67371336505226,-43.02646127349739,-54.22396342394412,-47.09417059911176,-44.40321706564517,-42.85784445287519,-35.41784679603696,-60.265845292847985,-59.802434515156264,-45.563504105218094,-54.47635156353407,-47.406894646969704,7.275747108025003,13
26,0.8725347152123084,0.04180564472375468,0.0011701767261211688,0.00035341478933189415,tanh,adaptive,adam,"{'activation': 'tanh', 'learning_rate': 'adaptive', 'solver': 'adam'}",-4.280186317690545,-6.556499150792311,-6.624133161150744,-7.323976362334779,-6.482744284038294,-2.956507275881554,-6.063973465632209,-5.135375115100442,-5.628184171929545,-9.869466195082401,-5.4757957721308586,-4.531521900170378,-10.914845396771,-6.295631428361928,2.0795567297933224,16,-49.66653387306223,-60.84451931677336,-48.21319036565628,-57.425886984559455,-59.13296396469657,-41.49111902186903,-55.62391911711101,-49.177465748668936,-49.129075159013155,-70.87476011134275,-52.9780581524015,-49.265759237236104,-65.79368479219785,-54.5859181418914,7.7763574202665735,16
