26.16740887,36.55668874,37.20078121,45.09711058,46.21287576,56.90509199,54.94278925,55.51252844,64.05544049,72.32759169,70.58223634,73.60675767,78.61316091,75.57993273,86.3420781,85.50200884,81.97814132,88.21677133,0,0,0,0,0,0,0,0,0,0
26.40058845,27.70886568,37.24636798,38.99082081,41.33185221,46.48820719,52.14896072,52.30088882,54.16489473,60.70184088,65.38061507,67.40455644,65.37870733,65.63071448,66.33742626,75.89138257,71.98940659,73.70629921,85.07808928,85.02505743,71.35373742,77.57862596,91.11652114,99.62602784,104.939986,96.90961284,0,0
31.38831921,34.20051145,37.60844642,41.42011702,43.9232074,47.44034881,57.33256701,56.76567669,53.54737431,58.69313985,69.57901219,62.43786649,69.26836359,73.5150202,69.51231792,72.37247669,81.98345523,86.47938885,84.85143199,89.127391,93.83193309,94.42148691,95.18952774,100.0337914,95.40562986,103.9400476,0,0
45.83864947,34.17559788,40.43175715,41.88641784,46.98259069,59.67399436,48.09844133,63.05225617,52.24178275,54.03244915,64.1101989,59.11460291,66.42508688,69.98197279,76.10160582,76.86615196,75.2398026,90.41868745,86.36901043,89.51383744,90.43507992,92.93347357,94.86922636,94.17164114,0,0,0,0
32.66203075,37.56472467,41.10019964,42.89230965,41.90812755,45.55860878,44.37112124,50.24903184,46.70694825,54.46407365,60.90101958,60.34620146,66.29324369,73.00770942,69.5173621,78.76508842,85.17991562,62.74879,77.73821767,90.98157714,93.10465605,87.73002787,93.76501174,110.1091857,99.9059656,91.81626797,62.52800999,0
38.0825034,37.04445943,44.46124127,44.55288604,46.64930154,50.80311137,61.75894055,57.97571894,61.24816823,59.54135174,66.38212146,74.79177054,67.8209987,70.95206003,70.75403663,75.11893734,83.98827782,79.63716393,86.3797739,92.6567042,92.23577063,98.12150685,96.75520654,0,0,0,0,0
29.74824607,33.3160004,44.17402886,43.48015377,45.70701533,47.83891831,47.77329223,54.1722311,60.57027135,60.18112137,68.94691501,67.09420702,71.40652321,74.23121746,80.61650701,75.84471428,77.6915265,85.04624311,90.98996045,89.01293604,91.84095531,95.47914328,0,0,0,0,0,0
35.18649277,35.14122465,32.23424835,40.34389448,41.75111406,48.67672344,49.97297891,55.91338068,56.53710743,60.38189919,62.42910943,71.37393656,79.66353559,74.24461847,81.86420599,81.25826599,80.59341468,85.04617168,89.48358792,91.77896852,90.93399533,95.47427732,101.8863869,0,0,0,0,0
38.16721354,47.74766564,49.28672955,48.2355536,52.39928934,51.97648146,54.7601172,63.4504332,60.74732992,65.21959,60.81982786,66.26513714,66.16545161,71.2914827,76.34514618,75.82830364,77.41091944,84.38860691,85.33912833,87.51349709,85.27613484,93.05674234,91.63545043,93.18010386,110.8304683,0,0,0
34.68846094,35.26043662,33.97989712,42.00481396,44.08074243,46.77019048,48.07087774,49.61215867,54.21696144,60.51045219,64.69551972,66.06088232,69.27053061,68.1321886,80.03582827,75.16712751,85.39448385,82.28729797,98.58753087,97.13065394,98.88097976,101.3577109,105.3249752,0,0,0,0,0
32.93421845,37.05146339,38.82153263,39.95808563,38.4430407,43.71082691,45.57053335,49.4894146,58.45757269,54.41406796,60.37678768,63.47237159,63.63842383,67.48774252,69.2861056,72.67775482,77.10177877,83.91931668,87.39036402,84.79677485,93.29144652,80.91617158,92.89794506,95.26799249,96.67397873,99.04151504,0,0
34.64535391,34.12428823,44.52741184,40.48275099,45.42923328,46.51089284,50.05079262,52.06605875,55.29461761,53.70258859,59.38115931,60.00118963,66.00909288,68.85141821,70.81558901,72.37921846,75.74083741,77.36513696,75.76394976,77.61092965,83.31172465,87.85251379,82.04934153,86.71943412,92.36563868,94.59205415,93.04592901,99.98722991
25.49153508,38.88194086,36.47724601,43.40264659,42.00212645,46.0212281,49.87052396,50.21970424,52.24278174,56.85382761,60.12806319,58.94574501,59.92695419,66.79720093,65.0552132,65.25920752,70.59416022,74.35794406,74.3995823,76.62782437,77.71164751,79.3602016,79.56605775,84.43036614,87.355646,87.70405332,91.29371005,104.5100634
